actual_next_GPOA_mean,actual_next_ALBEDO_mean,actual_next_Delta_PAR_S1,actual_next_VWC_R1_sim,actual_next_Delta_VWC_S1_sim,actual_next_Tsoil_R1_sim,actual_next_Delta_Tsoil_S1_sim,pred_next_GPOA_mean,pred_next_ALBEDO_mean,pred_next_Delta_PAR_S1,pred_next_VWC_R1_sim,pred_next_Delta_VWC_S1_sim,pred_next_Tsoil_R1_sim,pred_next_Delta_Tsoil_S1_sim
550.0,93.9,-440.8,0.1379,0.01,31.6752,-3.2407,569.5162,96.58736,-442.822,0.13750957,0.010288295,31.634071,-3.2392907
656.1,105.399994,-468.7,0.1368,0.0098,31.8245,-3.2589,582.1933,99.21928,-451.40808,0.13671367,0.01013867,31.66921,-3.251353
690.9,109.09999,-477.7,0.1364,0.0098,31.8728,-3.2661,685.9407,111.806015,-479.8354,0.13692532,0.010093824,31.81116,-3.2710867
809.1,121.2,-512.4,0.135,0.0095,32.0575,-3.2993,709.827,114.26117,-491.1817,0.1350809,0.009841413,31.864918,-3.2941515
830.0,123.5,-520.6,0.1347,0.0094,32.102,-3.3086,821.3231,126.85744,-521.73987,0.13496721,0.0097884955,32.026966,-3.3213866
952.2,137.3,-571.1,0.1326,0.0089,32.3952,-3.3825,838.22656,127.638016,-533.5976,0.1342224,0.00964794,32.052742,-3.3434968
982.9,140.7,-588.1,0.1318,0.0087,32.513,-3.4179,938.63995,138.5569,-571.2459,0.13459507,0.00956112,32.246964,-3.3686256
987.8,141.3,-593.1,0.1315,0.0087,32.5513,-3.4301,977.04083,142.20128,-592.69116,0.13562027,0.009464018,32.34657,-3.3929412
989.5,141.5,-597.7,0.1494,0.0104,32.408,-3.4424,985.2624,142.15926,-604.3068,0.13728201,0.009388051,32.39339,-3.421868
989.3,141.3,-600.5,0.1487,0.0104,32.4488,-3.4549,988.6007,141.95895,-610.88574,0.13973203,0.009445756,32.40919,-3.4501746
988.8,140.7,-600.2,0.1481,0.0104,32.4857,-3.4674,987.7049,139.71982,-608.04584,0.14489822,0.010085289,32.468678,-3.4603047
988.0,139.80002,-597.1,0.1475,0.0104,32.5183,-3.4799,997.0837,139.64572,-603.3339,0.14479081,0.01002447,32.572487,-3.4708078
986.9,138.6,-591.3,0.1469,0.0104,32.5467,-3.4924,995.9874,137.6239,-595.281,0.14406243,0.009877949,32.609848,-3.4889855
985.4,137.2,-583.0,0.1463,0.0104,32.5717,-3.5048,993.67316,135.54237,-583.8888,0.14397407,0.009867882,32.615665,-3.5081666
983.7,135.50002,-572.3,0.1457,0.0104,32.5928,-3.5171,991.39105,133.88928,-571.4999,0.14431426,0.009967566,32.607212,-3.5251658
981.7,133.5,-559.5,0.1452,0.0103,32.6103,-3.5293,987.7724,132.39334,-558.6633,0.1447373,0.01011097,32.59151,-3.5385985
979.4,131.4,-544.6,0.1446,0.0103,32.6247,-3.5413,984.5336,130.01364,-544.7101,0.14395238,0.0100739505,32.622025,-3.5361214
976.8,129.2,-527.9,0.1441,0.0103,32.6357,-3.5531,980.3075,127.87244,-528.70654,0.14328296,0.010025285,32.646103,-3.5352876
973.9,126.899994,-509.59998,0.1436,0.0103,32.6435,-3.5648,973.5003,125.37169,-510.22473,0.14268692,0.010024106,32.657913,-3.5437045
970.8,124.5,-489.7,0.143,0.0103,32.6485,-3.5762,965.1116,122.553665,-489.64282,0.14218315,0.010056409,32.65462,-3.5571015
924.4,110.59999,-398.9,0.1411,0.0102,32.6407,-3.6199,955.9179,119.598785,-467.55206,0.1418356,0.010114558,32.639297,-3.572007
897.9,105.3,-374.1,0.1407,0.0101,32.6323,-3.6303,898.60956,108.034775,-408.23053,0.14002699,0.009884157,32.603527,-3.6126578
866.8,99.6,-348.9,0.1402,0.0101,32.6218,-3.6404,862.40955,100.36282,-360.69202,0.13967821,0.00978988,32.57964,-3.6228898
832.0,93.6,-323.4,0.1398,0.01,32.6089,-3.6504,828.67993,93.71437,-322.34674,0.13918787,0.009838898,32.53309,-3.6344156
794.2999,87.4,-297.8,0.1394,0.01,32.5938,-3.6601,788.55505,86.98001,-291.68738,0.13886523,0.009907878,32.480682,-3.6408951
754.8,81.1,-272.3,0.139,0.01,32.5768,-3.6696,745.7623,79.75127,-266.8834,0.13840404,0.009798651,32.43614,-3.6311398
714.30005,74.8,-246.9,0.1386,0.009899999,32.5577,-3.6789,704.5036,73.473045,-245.66666,0.13817674,0.009684597,32.40565,-3.6268694
673.6,68.9,-222.0,0.1382,0.009899999,32.5366,-3.688,663.91705,67.819214,-225.40488,0.1380432,0.009589649,32.38333,-3.6315856
633.7,63.2,-197.6,0.1378,0.009899999,32.514,-3.697,622.85583,62.489735,-204.81618,0.13796681,0.0095279245,32.36338,-3.642325
595.5,58.1,-174.0,0.1375,0.0098,32.4894,-3.7057,581.46,57.45071,-183.70238,0.13789617,0.009492286,32.342968,-3.6566544
553.9,53.1,-151.3,0.1371,0.0098,32.463,-3.7142,539.2415,52.557556,-162.02,0.1378268,0.009491344,32.32021,-3.6731482
504.7,47.7,-129.6,0.1368,0.0097,32.4353,-3.7227,495.87567,47.242264,-140.26007,0.1376064,0.009361651,32.27365,-3.6804562
449.9,42.1,-109.2,0.1364,0.0097,32.4059,-3.7311,450.3111,41.97481,-119.220055,0.13727395,0.009237264,32.23751,-3.6927502
391.6,36.4,-90.3,0.1361,0.0096,32.3749,-3.7395,397.21945,36.233253,-98.16881,0.13690539,0.009187389,32.203003,-3.7080703
331.8,30.9,-72.90001,0.1358,0.0096,32.3427,-3.7479,337.9649,30.202885,-77.597176,0.13652632,0.009192299,32.170162,-3.7221153
272.4,25.5,-57.300003,0.1354,0.0095,32.309,-3.7564,277.54126,24.356441,-58.680496,0.1362371,0.009234947,32.139698,-3.7336361
215.70001,20.4,-43.59999,0.1351,0.0095,32.2738,-3.7652,220.32661,19.07663,-42.19014,0.13607354,0.009302508,32.114063,-3.7438853
163.5,15.9,-32.0,0.1348,0.0094,32.2376,-3.7748,168.20486,14.268742,-27.919281,0.13590954,0.009275817,32.04262,-3.743625
117.899994,11.899998,-22.800003,0.1345,0.0094,32.2001,-3.7855,124.51164,10.305193,-17.848694,0.1356774,0.009232324,31.997461,-3.749619
81.100006,8.700001,-15.899994,0.1342,0.0094,32.1613,-3.7984,88.58928,7.1681213,-10.927689,0.13544351,0.0091840755,31.978483,-3.7634335
54.899994,6.4000015,-11.699997,0.134,0.0093,32.1217,-3.8142,59.707825,4.7507477,-6.37146,0.13528226,0.0091470815,31.97481,-3.783214
41.399994,5.0999985,-10.300003,0.1337,0.0093,32.0808,-3.8305,37.978363,3.008503,-3.7830963,0.1352182,0.009122292,31.979912,-3.8077955
35.200012,4.299999,-10.399994,0.1334,0.0092,32.0392,-3.8473,23.347137,1.8831024,-2.8753815,0.13526101,0.009098544,31.990406,-3.837162
29.399994,3.5999985,-10.399994,0.1332,0.0092,31.9964,-3.8633,14.634003,1.2534752,-2.545868,0.13521448,0.0090325475,31.933931,-3.8592021
24.100006,3.0,-10.5,0.1329,0.009100001,31.953,-3.8798,11.966949,0.968544,-4.2091217,0.1349636,0.008934854,31.894289,-3.8821342
19.299988,2.4000015,-10.5,0.1327,0.009100001,31.9084,-3.8956,10.777954,0.7764282,-5.910904,0.1346786,0.008852391,31.870295,-3.9077768
14.899994,1.7999992,-10.600006,0.1324,0.009,31.8633,-3.9119,9.17453,0.58880615,-7.128296,0.13441661,0.008785817,31.849136,-3.9301085
11.100006,1.4000015,-10.600006,0.1322,0.009,31.8176,-3.9275,6.8167725,0.38404846,-7.815689,0.13425075,0.008749096,31.824345,-3.9496098
7.799988,1.0,-10.699997,0.1319,0.0089,31.7409,-3.9424,4.0030212,0.17541885,-8.239288,0.1341328,0.008727082,31.793419,-3.9666524
5.0,0.5999985,-10.699997,0.1317,0.0089,31.6648,-3.9579,0.82992554,0.0599823,-7.9631042,0.13391961,0.008715452,31.685253,-3.969744
2.899994,0.40000153,-10.800003,0.1315,0.0088,31.589,-3.9732,-1.1164246,-0.08325577,-9.14679,0.13344972,0.008676476,31.586939,-3.9708655
0.0,0.0,-11.0,0.1487,0.0104,31.1111,-4.0318,-2.455902,-0.22644806,-10.528717,0.13299678,0.008634004,31.51432,-3.9852571
0.0,0.0,-11.0,0.1481,0.0105,31.0451,-4.0464,-5.646179,-0.29463577,-9.991089,0.13237205,0.008605732,31.329462,-4.041518
0.0,0.0,-11.100006,0.1476,0.0105,30.9789,-4.0608,-4.9818115,-0.42056274,-16.380005,0.14360766,0.0097932955,31.129856,-3.9819608
0.0,0.0,-11.100006,0.1471,0.0105,30.9129,-4.0747,2.6612244,0.057491302,-15.767715,0.14340077,0.010114955,31.069515,-4.03573
0.0,0.0,-11.199997,0.1466,0.0106,30.8468,-4.0891,3.5728455,0.15779114,-13.485077,0.14317733,0.010330533,30.95395,-4.0815873
0.0,0.0,-11.199997,0.1461,0.0106,30.781,-4.1029,4.1901855,0.13246918,-12.950302,0.14304788,0.010425904,30.863962,-4.1023693
0.0,0.0,-11.300003,0.1457,0.0106,30.7153,-4.1167,4.07489,0.087589264,-13.098221,0.14275376,0.010448068,30.809814,-4.1251802
0.0,0.0,-11.300003,0.1452,0.0106,30.6495,-4.13,4.1161194,0.22822571,-12.777039,0.1421877,0.010442309,30.714928,-4.1255426
0.0,0.0,-11.399994,0.1448,0.0107,30.5839,-4.1427,4.0940247,0.2581482,-13.77742,0.14157794,0.010417736,30.635195,-4.1136746
0.0,0.0,-11.399994,0.1443,0.0107,30.5182,-4.1559,4.002533,0.2479477,-14.866501,0.14115326,0.010400142,30.57945,-4.126119
0.0,0.0,-11.5,0.1439,0.0107,30.4526,-4.1692,3.6895752,0.23665237,-15.530899,0.140882,0.010414993,30.529816,-4.1473904
0.0,0.0,-11.5,0.1435,0.0107,30.3873,-4.1819,3.1350708,0.22605133,-15.728836,0.14062692,0.010425468,30.479763,-4.1703706
0.0,0.0,-11.600006,0.1431,0.0107,30.3218,-4.1941,2.540802,0.21083832,-15.553497,0.14038423,0.010421945,30.428188,-4.1924067
0.0,0.0,-11.600006,0.1427,0.0107,30.2566,-4.2063,2.729309,0.3607216,-14.771042,0.14000762,0.010413237,30.333555,-4.191124
0.0,0.0,-11.699997,0.1423,0.0107,30.1915,-4.2181,2.7452393,0.34604645,-15.030945,0.13972715,0.010428185,30.24675,-4.178959
0.0,0.0,-11.699997,0.1419,0.0107,30.1262,-4.2304,2.1670532,0.27516174,-15.149872,0.13987905,0.010471596,30.175684,-4.1928234
0.0,0.0,-11.800003,0.1415,0.0108,30.0612,-4.2427,1.4373779,0.19960403,-15.049423,0.14014004,0.010515536,30.111565,-4.2166743
0.0,0.099998474,-11.800003,0.1412,0.0108,29.9959,-4.2546,0.61428833,0.13196564,-14.621658,0.14038026,0.010553019,30.048298,-4.2425194
0.0,0.099998474,-11.899994,0.1408,0.0108,29.9309,-4.2664,-0.27841187,0.066963196,-13.973572,0.1405598,0.01059109,29.984781,-4.2664623
0.0,0.099998474,-11.899994,0.1404,0.0108,29.8661,-4.2778,-0.62823486,0.1800766,-13.341629,0.14072806,0.010666907,29.88578,-4.2671943
0.0,0.099998474,-12.0,0.1401,0.0108,29.801,-4.2893,-1.8803406,0.10643005,-12.882568,0.14125091,0.010770971,29.785841,-4.2623854
0.0,0.099998474,-12.0,0.1398,0.0108,29.7362,-4.3002,-3.228363,-0.03699875,-12.295349,0.14213161,0.010896666,29.697971,-4.2841167
0.0,0.099998474,-12.100006,0.1394,0.0108,29.6711,-4.3113,-4.52182,-0.18525314,-11.461914,0.14314267,0.011026882,29.61296,-4.3162255
0.0,0.099998474,-12.100006,0.1391,0.0108,29.6063,-4.3219,-5.7697754,-0.32437134,-10.438126,0.1440966,0.011146308,29.527967,-4.347895
0.0,0.099998474,-13.399994,0.1388,0.0107,29.5492,-4.3272,-6.95697,-0.45133972,-9.366257,0.14490438,0.011246758,29.443182,-4.376807
0.0,0.099998474,-16.899994,0.1385,0.0107,29.4997,-4.3238,-0.6159668,-0.37649155,-17.353653,0.14992528,0.011546694,29.348398,-4.3050275
0.0,0.099998474,-22.600006,0.1382,0.0107,29.4569,-4.313,1.7033997,-0.09833908,-29.596146,0.14886564,0.011450977,29.357388,-4.2525783
0.0,0.099998474,-30.399994,0.1379,0.0107,29.421,-4.2977,3.5587463,0.032772064,-38.76848,0.14662842,0.011357071,29.373604,-4.228409
0.0,0.099998474,-40.0,0.1376,0.0107,29.3918,-4.2799,5.0482483,0.08898544,-46.270126,0.1446526,0.011359302,29.360588,-4.2207885
0.0,0.099998474,-51.40001,0.1373,0.0106,29.3689,-4.2604,5.576294,0.06808853,-54.556686,0.1431191,0.011414376,29.327387,-4.2169113
0.0,0.0,-64.40001,0.137,0.0106,29.3517,-4.2402,4.901764,-0.027202606,-64.8387,0.14188918,0.011467829,29.290148,-4.210881
0.0,0.0,-78.9,0.1367,0.0106,29.3405,-4.2196,4.7313232,0.20909119,-79.227196,0.14086612,0.011505456,29.260733,-4.191679
0.0,0.0,-94.7,0.1364,0.0105,29.3349,-4.1991,2.2919006,0.142807,-93.732834,0.140204,0.011529483,29.238289,-4.167915
0.0,0.0,-111.6,0.1361,0.0105,29.3347,-4.1787,-0.4335022,-0.037708282,-109.51174,0.13976723,0.011522701,29.224543,-4.1500745
0.0,0.0,-129.7,0.1358,0.0105,29.3397,-4.1585,-2.4577026,-0.19501114,-126.92432,0.13933298,0.011467462,29.21897,-4.134368
0.0,0.0,-148.6,0.1355,0.0104,29.3493,-4.1387,-3.9289856,-0.31645584,-145.80069,0.1387952,0.011370398,29.222282,-4.117513
0.2999878,0.0,-168.2,0.1353,0.0104,29.3637,-4.1192,-4.844696,-0.41007996,-165.91243,0.13814472,0.011234971,29.235779,-4.0982823
1.3999939,0.099998474,-188.5,0.135,0.0103,29.3828,-4.1003,-3.3889465,0.08657837,-188.96632,0.13759722,0.011135452,29.264309,-4.0736465
3.0,0.29999924,-209.3,0.1347,0.0103,29.4063,-4.0817,-3.2248535,0.3025589,-209.77907,0.13738605,0.011085298,29.28774,-4.049963
5.299988,0.5,-230.4,0.1344,0.0102,29.4336,-4.0636,-1.9423218,0.43253326,-230.2998,0.13736294,0.0110486755,29.308361,-4.032122
8.200012,0.79999924,-251.7,0.1342,0.0102,29.4651,-4.046,1.0267639,0.5986862,-251.29845,0.1373259,0.0110202115,29.329487,-4.017367
11.600006,1.0999985,-273.0,0.1339,0.0101,29.5005,-4.0288,5.4828186,0.80591583,-272.7557,0.13717704,0.01098232,29.352386,-4.0029845
15.600006,1.4000015,-294.3,0.1337,0.0101,29.5396,-4.0121,11.117645,1.0441856,-294.58246,0.13691959,0.01093702,29.37953,-3.988053
20.0,1.9000015,-315.3,0.1334,0.01,29.5825,-3.9957,19.86612,1.9916229,-318.37024,0.13664745,0.0109022455,29.430027,-3.9720337
25.0,2.2999992,-336.0,0.1331,0.009899999,29.6284,-3.9798,27.593323,2.6398888,-337.80515,0.13674204,0.010917301,29.472372,-3.959329
30.399994,2.7999992,-356.1,0.1329,0.009899999,29.6776,-3.9642,37.085815,3.2390823,-355.61786,0.13700376,0.010947764,29.510805,-3.9492502
36.299988,3.4000015,-375.7,0.1326,0.0098,29.7301,-3.949,48.499786,3.815899,-373.09955,0.13722715,0.010974993,29.54819,-3.939786
42.5,3.9000015,-394.4,0.1524,0.0118,29.5854,-3.9342,61.371857,4.379097,-390.57278,0.13732833,0.010994108,29.588287,-3.9295793
53.700012,4.9000015,-412.2,0.1518,0.0118,29.6516,-3.9196,75.63693,4.955715,-407.89783,0.13726208,0.010984171,29.632322,-3.9181075
73.399994,6.5,-428.9,0.1512,0.0118,29.7204,-3.9054,85.02849,6.4711685,-431.0127,0.14802106,0.012168401,29.618296,-3.911307
100.600006,8.700001,-444.4,0.1506,0.0118,29.7915,-3.8914,116.75331,9.471479,-444.36133,0.14872313,0.012441603,29.67718,-3.9003403
213.9,18.0,-482.2,0.1488,0.0118,30.0484,-3.8509,159.52573,12.81196,-457.25464,0.14804555,0.012455232,29.79581,-3.8697264
258.2,21.8,-491.39996,0.1482,0.0118,30.1569,-3.8378,283.60077,22.271576,-489.0089,0.14699677,0.012430314,30.078642,-3.8392632
303.6,25.8,-498.7,0.1476,0.0118,30.2662,-3.8247,345.31866,27.674831,-501.25336,0.14571214,0.012370426,30.252283,-3.8146317
349.0,30.0,-504.0,0.147,0.0117,30.3764,-3.8118,381.3484,31.330387,-502.57257,0.14483957,0.01233437,30.377478,-3.7946749
393.1,34.2,-507.0,0.1465,0.0117,30.4869,-3.7988,419.158,35.29365,-502.9853,0.1442766,0.0123286,30.493595,-3.7792273
434.7,38.4,-507.8,0.1459,0.0117,30.5983,-3.7859,460.40958,39.453354,-503.90076,0.14389676,0.012332708,30.601871,-3.7646983
472.5,42.5,-506.0,0.1454,0.0117,30.7103,-3.7729,500.52188,43.37195,-504.58112,0.14355142,0.012341614,30.701754,-3.7487724
510.5,47.0,-503.3,0.1448,0.0116,30.8187,-3.7599,537.41064,46.96559,-504.4486,0.1431112,0.012352207,30.797047,-3.731311
552.6,52.3,-501.3,0.1443,0.0116,30.924,-3.747,568.3911,51.49359,-502.66364,0.14193363,0.012307185,30.914581,-3.7264616
597.5,58.1,-500.09998,0.1438,0.0115,31.0262,-3.7342,601.2407,56.77262,-498.6678,0.14140376,0.012240607,31.022371,-3.716937
643.7,64.4,-499.5,0.1433,0.0115,31.1252,-3.7218,638.93335,62.33158,-496.55695,0.14126645,0.0120840175,31.117924,-3.7021594
689.9,71.0,-499.5,0.1428,0.0114,31.2209,-3.7098,678.76086,68.04278,-496.97797,0.14155164,0.01206581,31.2089,-3.6889825
734.69995,77.6,-500.2,0.1423,0.0114,31.3141,-3.6982,718.8965,73.77763,-499.3802,0.1419355,0.012063475,31.292566,-3.6749988
776.7001,84.1,-501.5,0.1418,0.0113,31.4047,-3.6872,757.84094,79.5152,-503.16357,0.14234127,0.01206051,31.37011,-3.6607523
814.5,90.3,-503.3,0.1413,0.0113,31.4926,-3.6768,790.7919,86.11187,-507.27393,0.14172225,0.011962987,31.469648,-3.6632504
846.8,96.0,-505.8,0.1408,0.0112000005,31.5777,-3.6671,822.9462,92.76306,-508.87012,0.14129944,0.01184035,31.563526,-3.6603928
872.1,101.0,-508.7,0.1404,0.0112000005,31.6605,-3.6581,851.9025,98.784225,-510.40356,0.14107788,0.011743264,31.643076,-3.653852
889.2,105.3,-512.2,0.1399,0.0111,31.7413,-3.6499,875.4067,103.85326,-513.00336,0.14097099,0.011665879,31.708132,-3.6452494
896.5,108.5,-516.1,0.1395,0.011,31.8197,-3.6426,892.3084,107.89467,-517.01776,0.14090247,0.01160478,31.762096,-3.6353662
898.3,111.09999,-520.6,0.1391,0.011,31.8957,-3.6362,902.64294,111.016556,-522.4957,0.14082073,0.011546807,31.808437,-3.6246984
899.8,113.399994,-525.4,0.1386,0.0109,31.9699,-3.6306,901.8186,113.72656,-528.2443,0.13943075,0.011337556,31.88353,-3.6293213
900.9,115.7,-530.7,0.1382,0.0108,32.0423,-3.626,901.3663,116.34146,-532.3412,0.13828638,0.011125097,31.963259,-3.6281695
901.8,117.7,-536.4,0.1378,0.0108,32.1126,-3.6224,902.42474,118.62985,-536.8173,0.13749073,0.010950839,32.036663,-3.6247358
902.6,119.59999,-542.5,0.1374,0.0107,32.1809,-3.6197,904.08466,120.5674,-542.50653,0.13698757,0.010815293,32.10281,-3.6201897
903.3,121.399994,-548.9,0.137,0.0106,32.2476,-3.6181,905.1227,122.08084,-549.5596,0.13667075,0.010716992,32.161396,-3.6153328
903.9,123.0,-555.7,0.1366,0.0105,32.3129,-3.6175,906.15784,123.3672,-557.8765,0.13650635,0.01064964,32.212852,-3.6107967
904.6,124.5,-562.7,0.1363,0.0105,32.3764,-3.6179,905.15076,124.82898,-566.0526,0.13500755,0.010413429,32.298798,-3.6178384
905.4,125.899994,-570.1,0.1359,0.0104,32.4382,-3.6193,908.84875,126.76254,-572.0164,0.13388045,0.010193232,32.387985,-3.6207979
906.3,127.2,-577.7,0.1355,0.0103,32.4986,-3.6218,912.75946,128.359,-577.78595,0.13321762,0.0100366855,32.464188,-3.6238687
907.5,128.4,-585.5,0.1352,0.0102,32.5579,-3.6253,915.37915,129.46878,-584.57556,0.13293633,0.009933765,32.525845,-3.6277206
909.0,129.5,-593.6,0.1348,0.0101,32.6156,-3.6298,916.8818,130.23871,-592.7325,0.1329491,0.009874963,32.574505,-3.6322718
911.4,130.6,-601.9,0.1345,0.0101,32.6717,-3.6353,917.9985,130.86038,-602.1699,0.13321993,0.009854841,32.61174,-3.6370142
915.2,131.7,-610.3,0.1342,0.01,32.7269,-3.6418,918.3908,131.40187,-611.3427,0.1322081,0.009656856,32.68328,-3.6467106
920.0,132.8,-618.9,0.1338,0.009899999,32.781,-3.6494,924.1156,132.70468,-618.57245,0.13164316,0.009505416,32.75726,-3.6527157
925.5,133.8,-627.6,0.1335,0.0098,32.8338,-3.6578,930.41547,133.88939,-625.6362,0.13163653,0.009436801,32.818134,-3.6605618
931.4,134.9,-636.4,0.1332,0.0097,32.8852,-3.6673,935.7358,134.76703,-633.51685,0.13208076,0.009433063,32.86423,-3.6699848
937.5,135.8,-645.3,0.1329,0.0096,32.9358,-3.6777,940.134,135.41602,-642.49506,0.13290974,0.009487378,32.895824,-3.68031
943.5,136.7,-654.2,0.1326,0.0096,32.9856,-3.6889,944.28174,136.05054,-652.45874,0.13406347,0.00959233,32.913986,-3.6907454
949.0,137.5,-663.2,0.1323,0.0095,33.0341,-3.7011,948.61334,136.33588,-661.8612,0.13409081,0.0095318835,32.96755,-3.7007232
953.8,138.10002,-672.2,0.132,0.0094,33.0816,-3.7141,956.138,137.31015,-669.34186,0.13459688,0.0095341895,33.0213,-3.7077255
957.6,138.6,-681.2,0.1318,0.0093,33.1283,-3.7279,962.35046,138.15062,-676.75385,0.13573122,0.009629369,33.060246,-3.7175844
960.1,138.9,-690.1,0.1532,0.0114,32.9568,-3.7425,965.8216,138.62311,-684.8493,0.13740486,0.009798879,33.081738,-3.7296937
961.0,139.0,-699.0,0.1525,0.0114,33.0106,-3.7578,966.91003,138.84154,-693.85657,0.13955764,0.010038488,33.086246,-3.7429388
960.8,138.8,-705.8,0.1517,0.0114,33.0597,-3.7738,968.8548,137.88165,-699.7772,0.14628935,0.010924195,33.068817,-3.7425804
960.2,138.20001,-708.7,0.151,0.0114,33.1046,-3.7903,968.0443,137.1487,-700.23627,0.14715172,0.010922076,33.157166,-3.743246
959.3,137.3,-707.9,0.1502,0.0114,33.1452,-3.8072,969.3737,136.24951,-701.21606,0.14678667,0.0108803315,33.2135,-3.758506
958.0,136.1,-703.6,0.1495,0.0114,33.1818,-3.8243,969.41235,134.94054,-698.58405,0.14679956,0.01094673,33.24155,-3.781175
956.3,134.6,-696.0,0.1489,0.0114,33.2141,-3.8416,969.8225,133.88461,-693.5128,0.14704473,0.011097274,33.254864,-3.8061163
954.4,132.9,-685.4,0.1482,0.0114,33.2427,-3.859,968.8367,132.84412,-686.5101,0.14731048,0.011270318,33.259785,-3.831564
952.1,130.9,-671.9,0.1475,0.0114,33.2678,-3.8764,966.47406,131.7278,-677.2499,0.14743939,0.011416332,33.260212,-3.856251
949.5,128.8,-655.8,0.1469,0.0114,33.2895,-3.8937,965.5513,129.68633,-664.84375,0.14635368,0.011362985,33.305084,-3.8747091
946.7,126.59999,-637.3,0.1463,0.0114,33.3079,-3.911,962.97394,127.65953,-648.0953,0.14533657,0.011288418,33.34716,-3.8922179
943.5,124.3,-616.5,0.1457,0.0114,33.3232,-3.9282,958.32,125.27168,-627.8753,0.14455326,0.011254648,33.377224,-3.9167173
940.1,121.899994,-593.8,0.1451,0.0114,33.3355,-3.9452,951.9207,122.53229,-604.6586,0.14394864,0.011258809,33.39382,-3.9463644
936.5,119.5,-569.3,0.1445,0.0113,33.3449,-3.962,943.312,119.65207,-578.91925,0.14351362,0.011302845,33.395134,-3.9744184
929.6,116.8,-543.3,0.144,0.0113,33.3515,-3.9786,931.0121,116.27788,-552.3351,0.14340496,0.011289638,33.3851,-3.9991238
916.8,113.399994,-515.9,0.1434,0.0113,33.355,-3.9949,923.16956,112.43576,-523.2181,0.14216559,0.0111328615,33.39209,-4.021006
898.9,109.399994,-487.39996,0.1429,0.0113,33.356,-4.011,909.7781,108.46838,-492.55988,0.14127058,0.0109864585,33.393314,-4.038473
876.3,105.09999,-458.0,0.1424,0.0112000005,33.3546,-4.0269,887.54425,103.79155,-460.43054,0.14064494,0.010882909,33.383564,-4.0581775
849.9,100.3,-427.9,0.1419,0.0112000005,33.3508,-4.0425,857.4024,98.51626,-427.48267,0.14021365,0.010819086,33.36301,-4.0763216
820.30005,95.3,-397.4,0.1414,0.0111,33.3448,-4.0577,822.32446,93.07521,-394.66046,0.1399404,0.010786255,33.334137,-4.0906067
788.1,90.1,-366.5,0.1409,0.0111,33.3366,-4.0727,783.694,87.58879,-362.39294,0.13976298,0.010775825,33.30165,-4.10158
754.1,84.7,-335.6,0.1404,0.0111,33.3263,-4.0873,742.9365,81.14628,-331.414,0.13946526,0.010642515,33.277637,-4.105443
718.8,79.3,-304.9,0.14,0.011,33.3141,-4.1017,702.3188,75.2864,-302.3251,0.13928331,0.01052022,33.261932,-4.1050797
682.9,74.0,-274.6,0.1395,0.011,33.2999,-4.1157,662.08057,69.86064,-274.32202,0.13915128,0.010439959,33.249657,-4.108592
647.1,68.9,-244.8,0.1391,0.0109,33.2835,-4.1293,622.8271,64.85759,-247.1055,0.13905926,0.010393892,33.238007,-4.1157746
612.0,64.0,-215.9,0.1387,0.0109,33.2654,-4.1426,584.408,60.2125,-220.51686,0.13896848,0.010383055,33.225803,-4.1264
572.3,58.8,-188.0,0.1383,0.0108,33.2455,-4.1555,547.2725,55.94082,-194.5435,0.13890523,0.010396108,33.212784,-4.1404037
523.7,53.1,-161.4,0.1379,0.0108,33.2241,-4.1681,508.1438,50.892956,-168.38908,0.13882047,0.010327953,33.182007,-4.153209
346.6,34.4,-91.1,0.1367,0.0106,33.1508,-4.2034,467.4024,45.91788,-143.92299,0.13862886,0.010258084,33.159355,-4.1644154
284.8,28.2,-71.5,0.1364,0.0106,33.1236,-4.2143,315.4795,29.41847,-89.87886,0.13787292,0.010447938,33.024128,-4.1933203
225.3,22.4,-54.40001,0.136,0.0105,33.0951,-4.2245,230.42593,21.148418,-58.42627,0.1378064,0.010532989,32.991776,-4.1833515
170.3,17.0,-39.699997,0.1357,0.0105,33.0649,-4.2339,177.65791,16.051939,-37.640778,0.13761844,0.010468385,32.95601,-4.1906366
41.600006,4.5999985,-10.699997,0.1344,0.0102,32.9326,-4.2567,136.94109,12.237785,-24.591415,0.13713057,0.0103656305,32.931866,-4.2090015
35.399994,3.9000015,-10.199997,0.1341,0.0102,32.8969,-4.2608,51.337555,4.417553,-3.1989899,0.13631903,0.010496475,32.77777,-4.2217007
29.5,3.2999992,-9.600006,0.1338,0.0101,32.8602,-4.2644,15.639404,1.4438896,3.3796692,0.13610041,0.0104138395,32.681618,-4.224177
15.0,1.7000008,-8.0,0.1329,0.009899999,32.7455,-4.2742,8.549896,0.85643005,1.5670319,0.13559026,0.010241831,32.663704,-4.259488
11.100006,1.2000008,-7.5,0.1327,0.009899999,32.7057,-4.2772,5.215973,0.5525131,-0.2240448,0.1347725,0.01011038,32.632893,-4.311713
7.799988,0.9000015,-7.0,0.1324,0.0098,32.6351,-4.2804,3.4865112,0.45586014,-2.808487,0.13407129,0.00997871,32.60454,-4.3362303
5.0,0.5999985,-6.5,0.1321,0.0097,32.5649,-4.284,0.1951294,0.27409744,-3.9309235,0.13352774,0.009847112,32.51065,-4.3290844
0.0,0.0,-4.800003,0.1312,0.0095,32.2895,-4.2947,-2.1071472,0.08752823,-5.777878,0.13293546,0.009723307,32.428326,-4.3218575
0.0,0.0,-4.399994,0.1493,0.0113,32.0382,-4.2964,-8.089081,-0.33377457,-5.6515045,0.13206977,0.009584046,32.3034,-4.3427444
0.0,0.0,-4.0,0.1487,0.0113,31.9779,-4.2975,-10.610596,-0.42376328,-6.109909,0.13146892,0.009446038,32.141987,-4.3328724
0.0,0.0,-3.0,0.147,0.0113,31.7977,-4.3028,-10.115387,-0.6492958,-11.462769,0.14216068,0.010584008,31.913788,-4.2540836
0.0,0.0,-1.8999939,0.145,0.0114,31.5585,-4.3067,-3.125885,-0.27653885,-9.650467,0.14197442,0.010889609,31.862839,-4.323042
0.0,0.0,-1.199997,0.1436,0.0114,31.3798,-4.3182,-5.6385803,-0.14877701,-4.2113953,0.14113218,0.011091845,31.641918,-4.340533
0.0,0.0,-1.0,0.1432,0.0114,31.3202,-4.3255,-6.6572266,-0.1569519,-3.236023,0.14025563,0.011163937,31.430626,-4.3226433
0.0,0.0,-0.80000305,0.1427,0.0114,31.2606,-4.3324,-4.7121887,0.024471283,-3.9316864,0.13974276,0.011195705,31.268202,-4.3028436
0.0,0.0,-0.3999939,0.1415,0.0113,31.0825,-4.3121,-3.2673645,0.06135559,-5.6165314,0.13951208,0.011185063,31.169441,-4.2879543
0.0,0.0,-0.30000305,0.1411,0.0113,31.0232,-4.3197,-3.5341492,0.0087509155,-6.600891,0.13918038,0.011146942,31.076298,-4.2961297
0.0,0.0,-0.19999695,0.1407,0.0113,30.9638,-4.3269,-3.5880432,-0.024433136,-7.1263885,0.13923201,0.011119969,30.99774,-4.3089952
0.0,0.0,-0.1000061,0.1403,0.0113,30.9045,-4.2938,-3.061798,0.105854034,-7.1119995,0.13947375,0.011163487,30.89866,-4.3094845
0.0,0.0,-0.1000061,0.1399,0.0113,30.8455,-4.302,-3.7788086,0.03617096,-6.817978,0.14009884,0.011239639,30.805346,-4.3086276
0.0,0.0,0.0,0.139,0.0112000005,30.0803,-4.0827,-5.134552,-0.10893631,-5.7630005,0.1409983,0.011315712,30.71579,-4.3028626
0.0,0.0,-12.399994,0.138,0.0111,30.0173,-3.9907,-7.589142,-0.2711258,-4.781418,0.14168987,0.01139502,30.524036,-4.2868576
0.0,0.0,-21.600006,0.1377,0.011,30.0094,-3.9616,-3.794342,-0.117492676,-16.085129,0.14588405,0.011539938,30.21414,-4.0679193
0.0,0.0,-33.09999,0.1374,0.011,30.0075,-3.9336,-1.0751953,0.053394318,-32.666046,0.14542472,0.011493259,30.083376,-3.9473143
0.0,0.0,-46.59999,0.137,0.0109,30.0112,-3.9066,2.6954956,0.1599884,-47.26416,0.14402959,0.011472084,30.03388,-3.884915
0.0,0.0,-62.0,0.1367,0.0109,30.0203,-3.8805,5.9123535,0.23448944,-60.670593,0.14268215,0.011512282,30.00758,-3.851052
0.0,0.0,-79.09999,0.1364,0.0108,30.0347,-3.8554,9.031616,0.61657715,-76.815994,0.14159021,0.011613834,29.996645,-3.8229957
0.0,0.0,-97.8,0.1361,0.0107,30.0545,-3.8312,9.1223755,0.68470764,-92.922424,0.14092255,0.011720844,29.992802,-3.7930493
0.0,0.0,-117.8,0.1358,0.0107,30.0791,-3.8079,8.09671,0.59814453,-110.86048,0.14051047,0.01177926,29.999779,-3.7710614
0.0,0.0,-139.1,0.1355,0.0106,30.1084,-3.7852,7.1252747,0.49843216,-131.11171,0.14011514,0.01177064,30.017466,-3.752464
0.0,0.0,-161.4,0.1352,0.0106,30.142,-3.7635,6.34256,0.43266296,-153.45804,0.13957727,0.011710941,30.044569,-3.7334037
2.0,0.20000076,-184.5,0.1349,0.0105,30.18,-3.7424,6.050934,0.39419174,-177.32896,0.1389072,0.011595775,30.080671,-3.7124357
7.799988,0.79999924,-208.4,0.1346,0.0104,30.222,-3.722,7.85791,0.86715317,-204.18044,0.13834685,0.011494285,30.139256,-3.6911364
17.299988,1.7000008,-232.7,0.1343,0.0104,30.2679,-3.7023,10.018494,1.1223183,-228.55147,0.1380529,0.011385574,30.19776,-3.6688004
30.200012,2.9000015,-257.4,0.134,0.0103,30.318,-3.6833,16.580475,1.5785065,-252.58696,0.13794574,0.011278478,30.2544,-3.6513176
46.200012,4.5,-282.3,0.1338,0.0102,30.3716,-3.6648,28.224976,2.312336,-276.97662,0.13778359,0.011169765,30.313538,-3.636929
65.20001,6.299999,-307.1,0.1335,0.0101,30.4288,-3.6469,44.643555,3.3213043,-301.71964,0.13747674,0.011047047,30.377193,-3.6231623
87.0,8.399998,-331.8,0.1332,0.01,30.4892,-3.6295,65.405945,4.6061287,-326.6093,0.13703448,0.010900656,30.447079,-3.6095543
111.2,10.800001,-356.2,0.1329,0.01,30.5529,-3.6127,92.54813,6.964588,-353.06335,0.13666943,0.010786171,30.539259,-3.598772
137.8,13.399998,-380.0,0.1327,0.009899999,30.6199,-3.5963,120.84123,9.183472,-374.71063,0.13659446,0.010700416,30.62328,-3.5892217
166.4,16.3,-403.1,0.1324,0.0098,30.6899,-3.5803,152.8801,11.540165,-394.60602,0.13664347,0.01063762,30.705511,-3.5803285
196.8,19.3,-425.3,0.1322,0.0097,30.7628,-3.5648,189.3062,14.128742,-414.24384,0.13665912,0.010579905,30.788824,-3.5708494
917.0,122.3,-573.8,0.135,0.0096,33.7194,-3.238,229.22336,16.94032,-433.86737,0.13653474,0.010506958,30.874748,-3.5597737
918.0,124.0,-577.7,0.1347,0.0095,33.7814,-3.2406,982.4975,115.51373,-581.86035,0.13650492,0.010774992,33.008617,-3.4625764
919.2,125.59999,-581.5,0.1343,0.0095,33.8414,-3.2443,1005.477,129.27194,-583.936,0.136127,0.009667853,33.341305,-3.310011
920.6,127.0,-584.9,0.134,0.0094,33.8989,-3.2492,944.5086,128.75327,-588.03534,0.1344616,0.009077178,33.586044,-3.2487788
922.1,128.3,-588.1,0.1336,0.0093,33.9546,-3.255,909.4765,129.00339,-593.74115,0.13356844,0.008887941,33.75431,-3.2427478
924.0,129.5,-590.9,0.1333,0.0092,34.0084,-3.2619,898.4829,129.83258,-599.3082,0.13322784,0.008782232,33.861553,-3.254149
926.6,130.6,-593.2,0.133,0.009100001,34.0604,-3.2697,901.26196,130.94061,-604.97217,0.13315943,0.008698731,33.940243,-3.267075
930.1,131.8,-595.0,0.1326,0.009,34.1108,-3.2784,909.3026,131.98813,-608.8375,0.13179971,0.008412071,34.03947,-3.2816575
934.2,132.9,-596.2,0.1323,0.0089,34.1592,-3.2879,922.68524,133.67615,-609.9975,0.1309714,0.008179559,34.12887,-3.2883215
938.9,134.0,-596.7,0.132,0.0088,34.206,-3.2982,934.8686,135.07202,-610.65186,0.13070983,0.00806027,34.200653,-3.296599
943.8,135.1,-596.5,0.1317,0.0087,34.2514,-3.3091,944.3194,136.0629,-611.6009,0.13094793,0.008033662,34.25239,-3.3068688
948.8,136.1,-595.5,0.1314,0.0086,34.2953,-3.3206,951.63605,136.84761,-613.03845,0.13164145,0.008097943,34.285027,-3.3194816
953.6,137.1,-593.6,0.1312,0.0086,34.3379,-3.3325,957.67706,137.69191,-614.6646,0.13275957,0.008256052,34.302845,-3.3350132
958.0,137.9,-590.8,0.1309,0.0085,34.3792,-3.3447,961.22815,137.84909,-614.42755,0.13278753,0.008145358,34.348095,-3.3475435
961.8,138.6,-586.9,0.1306,0.0084,34.4192,-3.3571,967.70593,138.7389,-611.4278,0.13341445,0.0081024235,34.389954,-3.3571434
964.8,139.1,-582.0,0.1304,0.0083,34.4577,-3.3695,972.8093,139.45998,-607.52313,0.13464126,0.008157555,34.4237,-3.3709886
966.8,139.4,-575.9,0.1505,0.0102,34.2907,-3.3818,975.6878,139.89867,-603.2742,0.13637862,0.00828134,34.44558,-3.3874228
967.5,139.5,-568.7,0.1498,0.0102,34.335,-3.3938,976.46124,140.10568,-598.82227,0.13856322,0.008464058,34.45463,-3.4047585
967.3,139.3,-559.9,0.149,0.0102,34.3724,-3.4054,973.8761,138.73294,-589.5617,0.145197,0.009336592,34.433792,-3.443404
966.5,138.7,-549.6,0.1483,0.0102,34.4031,-3.4166,980.5718,138.08804,-576.538,0.1457557,0.009468011,34.452335,-3.4404905
965.4,137.8,-537.8,0.1476,0.0102,34.4274,-3.4275,979.02264,136.45016,-563.53357,0.1454303,0.009455679,34.458202,-3.4453042
963.7,136.5,-524.6,0.147,0.0102,34.4455,-3.438,973.8881,134.27248,-546.65704,0.14524311,0.009510553,34.453728,-3.4578023
961.7,135.00002,-510.09998,0.1463,0.0102,34.4577,-3.4481,970.2891,132.60316,-528.4114,0.14526966,0.0096364645,34.43828,-3.4700353
959.2,133.2,-494.5,0.1457,0.0101,34.4642,-3.458,965.4771,131.00803,-509.83514,0.14533512,0.009785921,34.417824,-3.4814012
956.4,131.3,-477.8,0.1451,0.0101,34.4652,-3.4675,959.16266,129.36568,-491.0597,0.14528245,0.0099201,34.393715,-3.4903004
945.7,124.399994,-422.4,0.1433,0.01,34.4369,-3.4942,951.7464,126.45755,-471.53137,0.1440437,0.009856687,34.40331,-3.4848056
941.5,122.0,-402.5,0.1428,0.01,34.4178,-3.5025,921.6716,119.805145,-430.28314,0.1423073,0.009699355,34.399857,-3.4977925
937.0,119.5,-382.1,0.1422,0.01,34.3943,-3.5106,909.88214,115.71016,-393.87527,0.14148143,0.009736319,34.36173,-3.5052617
929.1,116.59999,-361.3,0.1417,0.009899999,34.3666,-3.5184,897.93713,111.69978,-362.2827,0.14103043,0.0098662805,34.304867,-3.517825
915.1,112.899994,-340.2,0.1412,0.009899999,34.3347,-3.526,881.89557,106.66643,-335.6374,0.14011668,0.009837245,34.25725,-3.5133736
895.9,108.59999,-318.9,0.1407,0.0098,34.2989,-3.5334,858.6471,101.3593,-312.40997,0.13986683,0.009714676,34.20623,-3.5059395
871.9,103.7,-297.4,0.1403,0.0098,34.2593,-3.5405,835.1135,96.51396,-290.4805,0.13937204,0.009697807,34.1482,-3.510986
844.1,98.5,-276.0,0.1398,0.0098,34.2162,-3.5475,806.9552,91.52751,-269.30212,0.13905501,0.009683448,34.089912,-3.5178635
