Time,hour_of_day,day_of_year,solar_elevation_deg,track_mean,tracking_regime,Tair_WS,Tair_S1_center,wind_speed_kmh,Albedo_S1,Albedo_S2,Tsoil_S1_mean,Tsoil_S2_mean,Tsoil_S1_mean_lag_6h,Tsoil_S1_mean_lag_12h,VWC_S1_mean,VWC_S2_mean,VWC_diff_S1_minus_S2,ePAR_S1_mean,ePAR_S2_mean,IEC,energy_score,crop_score
2025-06-18 12:00:00,12,169,72.01332627188644,33.1,TRACKING_PM,27.1,28.9,9.28,129.0,122.5,30.1,30.4,,,27.2,26.25,0.9499999999999993,648.5,741.5,0.9021666666666667,1.0,0.8043333333333333
2025-06-18 18:00:00,18,169,15.225689974972775,2.17,HORIZONTAL,22.8,22.8,1.37,24.432333333333332,22.867333333333335,27.85,27.9,30.1,,28.3,33.849999999999994,-5.549999999999994,20.55,19.950000000000003,0.41400983026363314,0.24568632719393282,0.5823333333333335
2025-06-19 00:00:00,0,170,0.0,-3.0780000000000003,HORIZONTAL,20.0,19.7,0.816,0.5023333333333334,0.3373333333333333,25.45,25.450000000000003,27.85,30.1,24.35,32.0,-7.649999999999999,28.299999999999997,32.2,0.2602500000000001,0.0,0.5205000000000002
2025-06-19 06:00:00,6,170,15.237696905458206,-32.2,TRACKING_AM,26.3,27.8,11.6,56.03333333333333,57.36666666666667,27.200000000000003,26.85,25.45,27.85,27.799999999999997,32.55,-4.75,1345.5,1082.0,0.612770404478151,0.6497074756229687,0.5758333333333334
2025-06-19 12:00:00,12,170,72.03242026345819,33.1,TRACKING_PM,26.4,29.0,12.3,114.33333333333333,111.33333333333333,30.0,30.0,27.200000000000003,25.45,27.75,32.45,-4.700000000000003,813.5,864.0,0.8552480137233659,0.9123293607800651,0.7981666666666667
2025-06-19 18:00:00,18,170,15.237696905458206,2.19,HORIZONTAL,23.9,24.5,3.53,25.345000000000002,23.243333333333336,28.0,27.9,30.0,27.200000000000003,26.549999999999997,32.15,-5.600000000000001,14.5,14.05,0.420116043698086,0.2490487540628386,0.5911833333333333
2025-06-20 00:00:00,0,171,0.0,-3.062,HORIZONTAL,21.0,20.4,0.351,-0.4296666666666667,-0.6960666666666667,25.95,25.85,28.0,30.0,24.8,31.6,-6.800000000000001,27.1,28.65,0.2642916666666667,0.0,0.5285833333333334
2025-06-20 06:00:00,6,171,15.24533883216249,-32.2,TRACKING_AM,25.9,28.2,13.4,56.93333333333334,57.0,27.4,26.9,25.95,28.0,28.2,32.4,-4.199999999999999,1456.0,1140.5,0.5991793066088842,0.6233586132177682,0.5750000000000001
2025-06-20 12:00:00,12,171,72.04457368640865,33.1,TRACKING_PM,26.5,29.1,17.3,123.0,121.33333333333333,29.7,29.75,27.4,25.95,27.85,32.4,-4.549999999999997,829.5,908.0,0.8903949079089925,0.9977898158179849,0.783
2025-06-20 18:00:00,18,171,15.24533883216249,2.21,HORIZONTAL,24.0,25.0,6.88,18.933333333333334,18.046666666666667,27.9,27.799999999999997,29.7,27.4,27.0,31.85,-4.850000000000001,12.35,11.05,0.38635890213073315,0.18325113759479958,0.5894666666666667
2025-06-21 00:00:00,0,172,0.0,-3.056,HORIZONTAL,22.3,21.9,-0.0362,-0.8643333333333333,-1.0576666666666668,26.2,26.1,27.9,29.7,25.05,31.4,-6.349999999999998,27.6,28.799999999999997,0.2672333333333334,0.0,0.5344666666666668
2025-06-21 06:00:00,6,172,15.248614217970347,-32.2,TRACKING_AM,25.9,28.2,11.8,57.31,57.366666666666674,27.6,27.1,26.2,27.9,28.5,32.1,-3.6000000000000014,1475.0,1157.5,0.5960655471289275,0.6131310942578548,0.5790000000000001
2025-06-21 12:00:00,12,172,72.04978293941629,33.1,TRACKING_PM,26.9,29.6,15.6,129.33333333333334,127.66666666666667,29.9,30.049999999999997,27.6,26.2,28.1,32.0,-3.8999999999999986,860.5,940.0,0.8795000000000001,1.0,0.7590000000000001
2025-06-21 18:00:00,18,172,15.248614217970347,2.22,HORIZONTAL,24.1,24.9,5.85,25.67,23.843333333333334,28.1,28.049999999999997,29.9,27.6,27.15,31.4,-4.25,18.05,17.05,0.4176209823040809,0.24437529794149512,0.5908666666666667
2025-06-22 00:00:00,0,173,0.0,-3.042,HORIZONTAL,22.8,22.2,0.712,-0.8183333333333334,-0.8563333333333333,26.25,26.2,28.1,29.9,25.2,30.95,-5.75,29.95,31.0,0.26674166666666665,0.0,0.5334833333333333
2025-06-22 06:00:00,6,173,15.247522404413136,-32.2,TRACKING_AM,26.1,28.5,13.4,58.379999999999995,58.36666666666667,27.5,27.25,26.25,28.1,28.45,31.6,-3.150000000000002,1460.5,1143.0,0.5984220837847598,0.6100108342361864,0.5868333333333333
2025-06-22 12:00:00,12,173,72.04804647886704,33.1,TRACKING_PM,27.2,29.6,12.1,127.66666666666667,125.0,29.95,30.15,27.5,26.25,28.150000000000002,31.75,-3.599999999999998,804.5,896.5,0.8936215240158903,0.996576381365114,0.7906666666666667
2025-06-22 18:00:00,18,173,15.247522404413136,2.242,HORIZONTAL,26.3,27.0,7.37,12.541666666666666,11.970999999999998,28.45,28.45,29.95,27.5,26.9,31.2,-4.300000000000001,6.119999999999999,5.29,0.3415740032502709,0.1136780065005417,0.56947
2025-06-23 00:00:00,0,174,0.0,-3.0479999999999996,HORIZONTAL,23.7,24.3,5.04,-1.3399999999999999,-1.3866666666666667,27.0,26.95,28.45,29.95,25.049999999999997,30.85,-5.800000000000004,27.299999999999997,32.65,0.27240833333333336,0.0,0.5448166666666667
2025-06-23 06:00:00,6,174,15.242063610960724,-32.2,TRACKING_AM,27.3,29.0,8.62,56.48,56.43333333333334,27.85,27.65,27.0,28.45,28.65,31.65,-3.0,1466.0,1147.5,0.6091728060671724,0.6273456121343447,0.5910000000000001
2025-06-23 12:00:00,12,174,72.03936481931167,33.1,TRACKING_PM,27.3,29.8,15.8,124.33333333333333,122.33333333333333,30.25,30.4,27.85,27.0,28.3,31.45,-3.1499999999999986,821.0,899.0,0.8790775550740341,0.9813217768147346,0.7768333333333335
2025-06-23 18:00:00,18,174,15.242063610960724,2.2380000000000004,HORIZONTAL,25.0,25.4,5.29,21.726666666666663,20.98,28.6,28.5,30.25,27.85,27.299999999999997,30.950000000000003,-3.6500000000000057,19.85,18.4,0.3938947905381004,0.20937291440953415,0.5784166666666667
2025-06-24 00:00:00,0,175,0.0,-3.026,HORIZONTAL,21.4,20.2,-0.0393,-0.635,-0.5936666666666667,26.55,26.450000000000003,28.6,30.25,25.1,30.549999999999997,-5.449999999999996,27.75,29.85,0.2656,0.0,0.5312
2025-06-24 06:00:00,6,175,15.232238935257607,-32.2,TRACKING_AM,27.2,29.3,12.2,59.53333333333333,59.6,27.4,27.15,26.55,28.6,29.049999999999997,31.049999999999997,-2.0,1457.0,1140.0,0.5997756410256411,0.6153846153846154,0.5841666666666667
2025-06-24 12:00:00,12,175,72.02374053331317,33.1,TRACKING_PM,28.5,30.7,13.7,131.0,128.0,29.8,29.95,27.4,26.55,28.25,31.2,-2.9499999999999993,855.5,925.5,0.88075,1.0,0.7615000000000001
2025-06-24 18:00:00,18,175,15.232238935257607,2.252,HORIZONTAL,24.3,24.1,0.891,25.575666666666667,23.847333333333335,28.45,28.35,29.8,27.4,27.85,30.799999999999997,-2.9499999999999957,21.9,20.549999999999997,0.41729406825568804,0.24643813651137597,0.5881500000000001
2025-06-25 00:00:00,0,176,0.0,-2.518,HORIZONTAL,19.9,18.8,0.0678,0.38000000000000006,0.37600000000000006,26.299999999999997,26.2,28.45,29.8,25.549999999999997,30.4,-4.850000000000001,11.3,16.4,0.26011666666666666,0.0,0.5202333333333333
2025-06-25 06:00:00,6,176,15.218050354302253,-18.64,TRACKING_AM,30.4,32.9,10.5,59.92,62.695,29.1,28.65,26.299999999999997,28.45,31.55,31.5,0.05000000000000071,2319.5,1939.0,0.5227346514987361,0.5036359696641387,0.5418333333333334
2025-06-25 12:00:00,12,176,72.00117825068479,33.1,TRACKING_PM,30.3,31.8,8.54,117.0,114.60000000000001,29.65,29.95,29.1,26.299999999999997,30.8,31.200000000000003,-0.40000000000000213,800.5,819.0,0.8458139219934995,0.894127843986999,0.7975
2025-06-25 18:00:00,18,176,15.218050354302253,2.26,HORIZONTAL,25.5,25.7,3.01,21.456666666666667,20.14,28.5,28.6,29.65,29.1,28.25,30.7,-2.4499999999999993,15.7,14.3,0.40237562296858076,0.21975124593716142,0.5850000000000001
2025-06-26 00:00:00,0,177,0.0,-3.0,HORIZONTAL,23.9,24.3,3.89,-0.466,-0.608,27.1,27.1,28.5,29.65,25.85,30.25,-4.399999999999999,25.6,27.9,0.2739166666666667,0.0,0.5478333333333334
2025-06-26 06:00:00,6,177,15.199500726564299,-32.279999999999994,TRACKING_AM,27.4,29.2,9.74,57.836666666666666,57.1,27.75,27.7,27.1,28.5,29.299999999999997,30.75,-1.4500000000000028,1458.0,1137.0,0.604782322137956,0.6157313109425786,0.5938333333333334
2025-06-26 12:00:00,12,177,71.97168465711773,33.06,TRACKING_PM,27.9,30.0,12.2,132.0,128.33333333333334,29.45,29.85,27.75,27.1,28.299999999999997,29.85,-1.5500000000000043,859.0,928.5,0.8732500000000001,1.0,0.7465
2025-06-26 18:00:00,18,177,15.199500726564299,2.2640000000000002,HORIZONTAL,24.5,24.2,2.63,26.166999999999998,24.239333333333335,28.35,28.450000000000003,29.45,27.75,28.9,29.6,-0.7000000000000028,23.1,22.549999999999997,0.42159359877211994,0.25597053087757315,0.5872166666666667
2025-06-27 00:00:00,0,178,0.0,-2.972,HORIZONTAL,21.9,21.6,2.12,0.02999999999999999,0.09466666666666666,26.700000000000003,26.7,28.35,29.45,26.299999999999997,29.1,-2.8000000000000043,25.200000000000003,30.299999999999997,0.2655833333333334,0.0,0.5311666666666668
2025-06-27 06:00:00,6,178,15.176593795030358,-32.279999999999994,TRACKING_AM,27.8,29.9,11.1,60.26666666666667,60.46666666666667,27.25,27.200000000000003,26.700000000000003,28.35,29.700000000000003,30.2,-0.49999999999999645,1500.5,1165.0,0.6129701155651861,0.6427735644637054,0.5831666666666667
2025-06-27 12:00:00,12,178,71.93526849220035,33.019999999999996,TRACKING_PM,27.8,30.3,14.5,137.33333333333334,134.66666666666666,28.95,29.35,27.25,26.700000000000003,30.15,29.9,0.25,809.5,937.0,0.8970833333333333,1.0,0.7941666666666667
2025-06-27 18:00:00,18,178,15.176593795030358,2.272,HORIZONTAL,25.2,25.7,3.72,22.20266666666667,21.046666666666667,28.25,28.35,28.95,27.25,28.75,30.5,-1.75,24.299999999999997,23.55,0.39693534669555797,0.19392069339111592,0.59995
2025-06-28 00:00:00,0,179,0.0,-2.946,HORIZONTAL,23.0,23.2,2.57,-0.41691666666666666,-0.45396666666666663,27.05,27.049999999999997,28.25,28.95,26.65,30.5,-3.8500000000000014,25.75,31.200000000000003,0.28099166666666664,0.0,0.5619833333333333
2025-06-28 06:00:00,6,179,15.149334191164773,-32.3,TRACKING_AM,28.3,29.9,7.89,58.71666666666667,58.6,27.5,27.45,27.05,28.25,30.1,31.05,-0.9499999999999993,1443.5,1126.0,0.6022295955218491,0.6302925243770314,0.5741666666666666
2025-06-28 12:00:00,12,179,71.89194054682821,33.0,TRACKING_PM,28.1,30.3,12.9,135.66666666666666,133.66666666666666,29.2,29.549999999999997,27.5,27.05,29.9,30.1,-0.20000000000000284,837.0,918.5,0.8936666666666666,1.0,0.7873333333333333
2025-06-28 18:00:00,18,179,15.149334191164773,2.276,HORIZONTAL,25.6,26.0,2.44,25.86433333333333,24.14,28.5,28.65,29.2,27.5,30.450000000000003,30.6,-0.14999999999999858,20.9,20.4,0.42009389671361497,0.2519211267605634,0.5882666666666666
2025-06-29 00:00:00,0,180,0.0,-2.928,HORIZONTAL,22.9,22.6,2.41,-0.06685999999999999,-0.3409,27.25,27.25,28.5,29.2,27.7,30.2,-2.5,25.65,32.15,0.28813333333333335,0.0,0.5762666666666667
2025-06-29 06:00:00,6,180,15.11772743976774,-32.3,TRACKING_AM,31.5,32.9,7.92,59.06666666666666,58.86666666666667,27.65,27.549999999999997,27.25,28.5,30.9,30.6,0.29999999999999716,1441.5,1121.5,0.6007128927410617,0.6294257854821235,0.572
2025-06-29 12:00:00,12,180,71.84171366000659,33.0,TRACKING_PM,30.9,32.5,9.36,135.66666666666666,134.0,29.200000000000003,29.6,27.65,27.25,29.6,28.85,0.75,865.5,941.0,0.8745833333333334,1.0,0.7491666666666668
2025-06-29 18:00:00,18,180,15.11772743976774,2.27,HORIZONTAL,26.2,25.6,0.667,25.822333333333333,24.55633333333333,28.6,28.8,29.200000000000003,27.65,30.65,29.4,1.25,21.0,21.65,0.42965235644637056,0.2597547128927411,0.59955
2025-06-30 00:00:00,0,181,0.0,-2.8920000000000003,HORIZONTAL,23.1,22.3,0.468,0.1045,-0.003333333333333332,27.35,27.4,28.6,29.200000000000003,27.799999999999997,29.0,-1.2000000000000028,24.7,29.849999999999998,0.2815083333333333,0.0,0.5630166666666666
2025-06-30 06:00:00,6,181,15.081779964709128,-32.3,TRACKING_AM,30.1,31.6,7.83,60.660000000000004,59.43333333333334,27.55,27.6,27.35,28.6,30.950000000000003,30.6,0.3500000000000014,1439.0,1100.5,0.5964892560491152,0.622145178764897,0.5708333333333333
2025-06-30 12:00:00,12,181,71.78460271504608,33.0,TRACKING_PM,30.8,32.7,10.3,139.66666666666666,136.33333333333334,29.1,29.45,27.55,27.35,29.75,28.6,1.1499999999999986,853.5,922.0,0.8803333333333334,1.0,0.7606666666666668
2025-06-30 18:00:00,18,181,15.081779964709128,2.272,HORIZONTAL,26.5,26.5,3.07,26.200000000000003,24.156666666666666,28.65,28.75,29.1,27.55,32.55,31.4,1.1499999999999986,22.299999999999997,19.950000000000003,0.3986825478512099,0.24994842903575298,0.5474166666666668
2025-07-01 00:00:00,0,182,0.0,-2.53,HORIZONTAL,23.7,23.3,2.87,-0.33280000000000004,-0.27903333333333336,27.45,27.6,28.65,29.1,28.85,29.6,-0.75,14.55,9.14,0.28886500000000004,0.0,0.5777300000000001
2025-07-01 06:00:00,6,182,15.041499095512554,-31.5,TRACKING_AM,30.5,33.6,12.4,25.105,22.43,28.45,28.35,27.45,28.65,30.6,29.05,1.5500000000000007,1924.5,1867.5,0.47552582159624424,0.363718309859155,0.5873333333333335
2025-07-01 12:00:00,12,182,71.72062463515216,33.0,TRACKING_PM,30.0,32.5,7.66,136.33333333333334,135.66666666666666,29.25,29.4,28.45,27.45,29.65,28.95,0.6999999999999993,1071.0,881.5,0.8502015167930661,0.9964030335861322,0.704
2025-07-01 18:00:00,18,182,15.041499095512554,2.268,HORIZONTAL,27.6,27.6,3.72,13.675666666666666,13.094999999999999,28.6,28.75,29.25,28.45,31.450000000000003,30.25,1.2000000000000028,13.5,12.05,0.34834011375947993,0.12433022751895993,0.5723499999999999
2025-07-02 00:00:00,0,183,0.0,-2.83,HORIZONTAL,23.6,23.9,5.06,-0.6813333333333333,-0.651,27.5,27.6,28.6,29.25,28.1,29.1,-1.0,24.9,32.25,0.2863583333333334,0.0,0.5727166666666668
2025-07-02 06:00:00,6,183,14.99689307476021,-32.3,TRACKING_AM,29.9,31.4,7.12,63.23333333333333,61.866666666666674,27.5,27.6,27.5,28.6,30.950000000000003,30.45,0.5000000000000036,1460.5,1137.5,0.602353015529072,0.6323726977248104,0.5723333333333334
2025-07-02 12:00:00,12,183,71.64979837841078,33.0,TRACKING_PM,29.2,30.8,9.3,140.0,139.0,28.85,29.15,27.5,27.5,29.4,29.15,0.25,713.0,879.0,0.9147616468039004,0.9995232936078007,0.8300000000000001
2025-07-02 18:00:00,18,183,14.99689307476021,2.2640000000000002,HORIZONTAL,26.2,25.8,0.0987,11.985666666666667,13.777666666666669,28.4,28.65,28.85,27.5,30.2,31.05,-0.8500000000000014,12.15,11.149999999999999,0.34560400866738894,0.1106080173347779,0.5806
2025-07-03 00:00:00,0,184,0.0,-2.802,HORIZONTAL,25.1,25.4,3.2,-0.3572666666666666,-0.5963333333333334,27.75,28.0,28.4,28.85,28.55,29.55,-1.0,24.05,28.5,0.29484166666666667,0.0,0.5896833333333333
2025-07-03 06:00:00,6,184,14.947971066285378,-32.3,TRACKING_AM,29.0,30.2,1.57,59.93000000000001,59.199999999999996,27.9,28.1,27.75,28.4,30.25,30.9,-0.6499999999999986,1438.0,1112.5,0.5956052726616108,0.6065438786565548,0.5846666666666667
2025-07-03 12:00:00,12,184,71.57214493217027,32.9,TRACKING_PM,28.6,30.7,11.5,141.33333333333334,138.66666666666666,28.9,29.200000000000003,27.9,27.75,30.8,29.45,1.3500000000000014,750.0,815.0,0.917400866738895,0.9808017334777899,0.8540000000000001
2025-07-03 18:00:00,18,184,14.947971066285378,2.2640000000000002,HORIZONTAL,25.0,25.4,3.99,7.315666666666666,6.514,28.25,28.4,28.9,27.9,32.95,30.6,2.3500000000000014,5.67,5.01,0.30097037558685447,0.05221408450704225,0.5497266666666667
2025-07-04 00:00:00,0,185,0.0,-2.766,HORIZONTAL,23.1,23.9,6.94,-0.601,-0.6696666666666666,27.4,27.549999999999997,28.25,28.9,29.9,29.4,0.5,23.2,27.35,0.2985083333333333,0.0,0.5970166666666666
2025-07-04 06:00:00,6,185,14.894743164116205,-32.3,TRACKING_AM,28.5,30.5,9.91,62.026666666666664,61.96666666666667,27.5,27.6,27.4,28.25,31.65,30.05,1.5999999999999979,1348.0,1077.5,0.5711439147706754,0.5739544962080173,0.5683333333333334
2025-07-04 12:00:00,12,185,71.4876873068227,32.9,TRACKING_PM,29.1,31.2,,139.33333333333334,137.0,28.7,28.95,27.5,27.4,32.75,29.6,3.1499999999999986,836.5,892.0,0.8771007583965331,0.9782015167930662,0.776
2025-07-04 18:00:00,18,185,14.894743164116205,2.25,HORIZONTAL,26.0,26.6,,22.473333333333333,20.7,28.35,28.45,28.7,27.5,33.349999999999994,30.3,3.0499999999999936,12.100000000000001,11.2,0.38334978331527636,0.21559956663055257,0.5511000000000001
2025-07-05 00:00:00,0,186,0.0,-2.7380000000000004,HORIZONTAL,23.1,23.9,,-0.5316666666666666,-0.7413333333333333,27.4,27.549999999999997,28.35,28.7,30.35,29.25,1.1000000000000014,23.7,26.25,0.30040833333333333,0.0,0.6008166666666667
2025-07-05 06:00:00,6,186,14.837220402130304,-32.3,TRACKING_AM,29.3,30.5,,64.73333333333333,63.9,27.45,27.55,27.4,28.35,32.5,30.950000000000003,1.5499999999999972,1376.5,1087.5,0.5632242686890574,0.5824485373781149,0.544
2025-07-05 12:00:00,12,186,71.3964505289852,32.9,TRACKING_PM,30.1,31.3,,120.33333333333333,118.33333333333333,28.55,28.8,27.45,27.4,31.75,29.85,1.8999999999999986,722.0,737.5,0.8475673528349585,0.8164680390032504,0.8786666666666667
2025-07-05 18:00:00,18,186,14.837220402130304,2.244,HORIZONTAL,26.3,26.4,,20.599999999999998,18.963333333333335,28.299999999999997,28.5,28.55,27.45,33.5,31.05,2.4499999999999993,21.25,19.4,0.35349388768508494,0.16210444203683644,0.5448833333333335
2025-07-06 00:00:00,0,187,0.0,-2.698,HORIZONTAL,23.4,23.9,,-0.5003333333333333,-0.5646666666666667,27.6,27.75,28.299999999999997,28.55,31.400000000000002,29.7,1.7000000000000028,23.0,26.7,0.29769999999999996,0.0,0.5953999999999999
2025-07-06 06:00:00,6,187,14.775414764377258,-32.3,TRACKING_AM,28.2,29.8,,61.88666666666666,60.86666666666667,27.6,27.75,27.6,28.299999999999997,33.55,31.55,1.9999999999999964,1387.0,1064.0,0.5593480498374865,0.593196099674973,0.5255000000000001
2025-07-06 12:00:00,12,187,71.29846163408408,32.879999999999995,TRACKING_PM,28.9,30.3,,111.3,108.5,28.55,28.8,27.6,27.6,32.5,30.099999999999998,2.400000000000002,603.0,632.0,0.8572555976886964,0.774344528710726,0.9401666666666668
2025-07-06 18:00:00,18,187,14.775414764377258,2.232,HORIZONTAL,23.3,24.7,,20.78,19.20266666666667,27.9,28.049999999999997,28.55,27.6,33.55,30.75,2.799999999999997,11.7,10.25,0.3742658270133623,0.19904832069339112,0.5494833333333334
2025-07-07 00:00:00,0,188,0.0,-2.666,HORIZONTAL,22.6,23.5,,-1.0616666666666665,-1.5266666666666666,27.05,27.1,27.9,28.55,31.200000000000003,29.6,1.6000000000000014,20.45,18.85,0.2919666666666667,0.0,0.5839333333333334
2025-07-07 06:00:00,6,188,14.709339196022237,-32.3,TRACKING_AM,26.2,27.7,,55.68666666666667,55.653333333333336,27.2,27.25,27.05,27.9,33.75,31.3,2.4499999999999993,1372.5,1093.0,0.44725505597688703,0.3773434452871073,0.5171666666666668
2025-07-07 12:00:00,12,188,71.19374965834366,32.8,TRACKING_PM,27.0,29.1,,146.0,144.0,27.85,28.15,27.2,27.05,32.6,30.200000000000003,2.3999999999999986,796.5,873.0,0.9018048934633442,0.9974431202600218,0.8061666666666667
2025-07-07 18:00:00,18,188,14.709339196022237,2.224,HORIZONTAL,23.8,25.1,,9.51,8.563333333333333,27.3,27.6,27.85,27.2,34.75,31.15,3.6000000000000014,11.850000000000001,10.600000000000001,0.29222924340917295,0.06664182015167931,0.5178166666666666
2025-07-08 00:00:00,0,189,0.0,-2.618,HORIZONTAL,21.4,22.4,,-0.5374,-1.135,26.75,26.85,27.3,27.85,31.450000000000003,29.75,1.7000000000000028,11.35,9.765,0.28351916666666666,0.0,0.5670383333333333
2025-07-08 06:00:00,6,189,14.639007614861683,-32.3,TRACKING_AM,23.9,25.9,,37.41,36.78666666666667,26.3,26.450000000000003,26.75,27.3,33.349999999999994,30.85,2.499999999999993,1129.5,948.0,0.4241955579631637,0.22939111592632722,0.6190000000000002
2025-07-08 12:00:00,12,189,71.08234563018222,32.8,TRACKING_PM,25.0,27.1,,138.66666666666666,136.0,26.799999999999997,27.15,26.3,26.75,32.75,29.75,3.0,790.0,847.0,0.8859704767063923,0.9714409534127845,0.8005
2025-07-08 18:00:00,18,189,14.639007614861683,2.198,HORIZONTAL,23.3,24.1,,7.05,6.0760000000000005,26.4,26.75,26.799999999999997,26.3,34.9,31.15,3.75,9.06,7.805,0.2664385509209101,0.036422101841820154,0.4964550000000001
2025-07-09 00:00:00,0,190,0.0,-2.5780000000000003,HORIZONTAL,23.2,23.9,,-0.9196666666666666,-1.18,26.200000000000003,26.45,26.4,26.799999999999997,32.95,30.25,2.700000000000003,23.4,21.75,0.2694416666666667,0.0,0.5388833333333334
2025-07-09 06:00:00,6,190,14.56443492335888,-32.3,TRACKING_AM,24.4,25.8,,29.673333333333332,29.34,26.0,26.2,26.200000000000003,26.4,32.75,31.2,1.5500000000000007,677.5,594.0,0.5206178223185266,0.1557356446370531,0.8855000000000001
2025-07-09 12:00:00,12,190,70.96428256101764,32.8,TRACKING_PM,25.0,26.7,,85.93333333333334,82.63333333333333,26.25,26.55,26.0,26.200000000000003,31.65,30.4,1.25,623.0,594.0,0.7394826652221018,0.5439653304442037,0.935
2025-07-09 18:00:00,18,190,14.56443492335888,2.176,HORIZONTAL,24.7,25.0,,7.366,6.407933333333333,26.2,26.4,26.25,26.0,32.349999999999994,31.65,0.6999999999999957,5.8149999999999995,4.74,0.28030355092091014,0.04442210184182015,0.5161850000000001
2025-07-10 00:00:00,0,191,0.0,-2.5439999999999996,HORIZONTAL,23.2,24.0,,-1.015,-1.2700000000000002,26.15,26.25,26.2,26.25,31.549999999999997,30.8,0.7499999999999964,21.15,18.1,0.27287500000000003,0.0,0.5457500000000001
2025-07-10 06:00:00,6,191,14.485637021144756,-32.3,TRACKING_AM,24.6,26.2,,21.80333333333333,21.333333333333332,26.1,26.200000000000003,26.15,26.2,32.7,32.2,0.5,517.5,475.5,0.4664243409172987,0.10418201516793066,0.8286666666666667
2025-07-10 12:00:00,12,191,70.83959543548531,32.739999999999995,TRACKING_PM,25.8,28.0,,116.56666666666666,111.63333333333333,26.45,26.6,26.1,26.15,31.9,31.45,0.4499999999999993,806.5,898.5,0.7951313651137595,0.832762730227519,0.7575000000000001
2025-07-10 18:00:00,18,191,14.485637021144756,2.156,HORIZONTAL,23.9,24.6,,16.697666666666667,15.804733333333333,26.5,26.6,26.45,26.1,32.4,32.25,0.14999999999999858,7.09,6.109999999999999,0.338102383531961,0.162804767063922,0.5134
2025-07-11 00:00:00,0,192,0.0,-2.504,HORIZONTAL,21.9,22.3,,-0.09296666666666666,-0.4283333333333334,26.05,26.200000000000003,26.5,26.45,31.35,32.0,-0.6499999999999986,24.4,23.9,0.2669666666666667,0.0,0.5339333333333334
2025-07-11 06:00:00,6,192,14.402630817927262,-32.3,TRACKING_AM,27.2,28.4,,49.776666666666664,50.133333333333326,26.25,26.4,26.05,26.5,32.099999999999994,32.5,-0.4000000000000057,1042.0,846.5,0.5180976886962803,0.3605287107258938,0.6756666666666667
2025-07-11 12:00:00,12,192,70.70832120107148,32.7,TRACKING_PM,27.9,29.8,,125.33333333333333,120.0,27.15,27.4,26.25,26.05,31.5,31.75,-0.25,787.0,850.5,0.8372565908270133,0.8781798483206934,0.7963333333333333
2025-07-11 18:00:00,18,192,14.402630817927262,2.1420000000000003,HORIZONTAL,25.8,26.5,,20.12,18.563333333333336,27.15,27.3,27.15,26.25,32.3,32.6,-0.30000000000000426,16.6,16.35,0.34829060130010836,0.1664312026002167,0.53015
2025-07-12 00:00:00,0,193,0.0,-2.464,HORIZONTAL,23.9,24.3,,-0.7802666666666668,-1.083,26.8,26.9,27.15,27.15,31.25,31.95,-0.6999999999999993,22.65,19.299999999999997,0.27415833333333334,0.0,0.5483166666666667
2025-07-12 06:00:00,6,193,14.315434246750192,-32.3,TRACKING_AM,26.6,28.9,,57.346666666666664,56.913333333333334,27.0,26.95,26.8,27.15,32.099999999999994,32.6,-0.5000000000000071,1050.5,765.5,0.5585322318526544,0.40556446370530874,0.7115000000000002
2025-07-12 12:00:00,12,193,70.57049875716491,30.3,TRACKING_PM,21.4,22.9,,46.31333333333333,44.27333333333333,26.6,26.6,27.0,26.8,32.400000000000006,32.95,-0.5499999999999972,249.0,276.5,0.5046512278801011,0.33346912242686894,0.6758333333333333
2025-07-12 18:00:00,18,193,14.315434246750192,2.116,HORIZONTAL,21.3,22.2,,13.100333333333332,12.243333333333334,25.6,25.549999999999997,26.6,27.0,32.75,33.4,-0.6499999999999986,22.049999999999997,20.1,0.2943149783315276,0.10507995666305527,0.4835499999999999
2025-07-13 00:00:00,0,194,0.0,-2.414,HORIZONTAL,19.3,20.2,,-0.5453333333333333,-0.8546666666666667,25.2,25.15,25.6,26.6,31.55,32.5,-0.9499999999999993,20.9,30.75,0.25335833333333335,0.0,0.5067166666666667
2025-07-13 06:00:00,6,194,14.224066277540706,-32.260000000000005,TRACKING_AM,24.3,26.2,,49.78333333333333,48.26666666666667,25.15,25.1,25.2,25.6,32.35,32.95,-0.6000000000000014,1456.5,1172.5,0.5569567533405562,0.6420801733477791,0.4718333333333332
2025-07-13 12:00:00,12,194,70.42616894353021,32.660000000000004,TRACKING_PM,27.1,28.8,,125.0,128.0,26.0,26.1,25.15,25.2,31.3,32.3,-0.9999999999999964,838.5,946.0,0.8590833333333334,1.0,0.7181666666666668
2025-07-13 18:00:00,18,194,14.224066277540706,2.09,HORIZONTAL,24.1,24.1,,26.124,24.657666666666668,25.95,26.1,26.0,25.15,32.3,33.1,-0.8000000000000043,19.95,20.15,0.38676518598772114,0.27166370530877576,0.5018666666666666
2025-07-14 00:00:00,0,195,0.0,-2.38,HORIZONTAL,21.1,21.5,,-0.2739,-0.3492333333333333,25.5,25.6,25.95,26.0,31.25,32.4,-1.1499999999999986,21.4,30.05,0.2597416666666667,0.0,0.5194833333333334
2025-07-14 06:00:00,6,195,14.128546930883033,-32.220000000000006,TRACKING_AM,27.2,29.0,,52.44,52.53333333333333,25.65,25.65,25.5,25.95,31.85,32.85,-1.0,1399.0,1132.0,0.5552858432647165,0.6202383531960998,0.4903333333333333
2025-07-14 12:00:00,12,195,70.27537452820613,32.6,TRACKING_PM,28.1,29.7,,135.33333333333334,136.0,26.700000000000003,26.85,25.65,25.5,31.15,32.1,-0.9500000000000028,828.5,941.5,0.8710833333333333,1.0,0.7421666666666666
2025-07-14 18:00:00,18,195,14.128546930883033,2.064,HORIZONTAL,24.8,25.4,,25.876666666666665,23.846666666666664,26.65,26.85,26.700000000000003,25.65,32.4,33.099999999999994,-0.6999999999999957,18.5,18.35,0.3860549566630553,0.25815991332611055,0.51395
2025-07-15 00:00:00,0,196,0.0,-2.028,HORIZONTAL,21.7,22.3,,-0.2069,-0.334,26.1,26.299999999999997,26.65,26.700000000000003,31.9,32.4,-0.5,8.155,13.7,0.25697583333333335,0.0,0.5139516666666667
2025-07-15 06:00:00,6,196,14.028897291954625,-32.0,TRACKING_AM,27.6,29.3,,55.72333333333333,54.75,26.0,26.15,26.1,26.65,31.8,32.8,-0.9999999999999964,1439.0,1172.0,0.547470115565186,0.5947735644637053,0.5001666666666668
2025-07-15 12:00:00,12,196,70.11816019483219,32.6,TRACKING_PM,28.1,30.0,,140.33333333333334,137.66666666666666,26.950000000000003,27.2,26.0,26.1,30.35,32.15,-1.7999999999999972,841.5,944.0,0.8765000000000001,1.0,0.7530000000000001
2025-07-15 18:00:00,18,196,14.028897291954625,2.038,HORIZONTAL,25.4,25.4,,25.18466666666667,23.16133333333333,26.75,27.0,26.950000000000003,26.0,31.65,33.1,-1.4500000000000028,17.55,16.75,0.38773694474539544,0.24987388949079092,0.5256
2025-07-16 00:00:00,0,197,0.0,-2.292,HORIZONTAL,22.6,23.1,,-0.10513333333333334,-0.24050000000000002,26.25,26.5,26.75,26.950000000000003,31.45,32.150000000000006,-0.7000000000000064,20.4,28.0,0.26781666666666665,0.0,0.5356333333333333
2025-07-16 06:00:00,6,197,13.925139524559667,-32.2,TRACKING_AM,25.7,26.8,,26.0,25.0,26.0,26.299999999999997,26.25,26.75,31.2,31.799999999999997,-0.5999999999999979,297.0,367.0,0.5775837847598411,0.4108342361863489,0.7443333333333333
2025-07-16 12:00:00,12,197,69.95457252940842,32.6,TRACKING_PM,27.7,30.0,,147.66666666666666,143.0,27.4,27.85,26.0,26.25,28.4,28.3,0.09999999999999787,690.5,804.0,0.9251666666666667,1.0,0.8503333333333335
2025-07-16 18:00:00,18,197,13.925139524559667,2.004,HORIZONTAL,25.5,26.1,,26.680000000000003,23.996666666666666,27.15,27.3,27.4,26.0,27.6,26.6,1.0,17.65,16.85,0.38969953051643197,0.2607323943661972,0.5186666666666667
2025-07-17 00:00:00,0,198,0.0,-2.244,HORIZONTAL,22.5,22.4,-0.113,-0.3344,-0.36133333333333334,26.35,26.55,27.15,27.4,27.25,26.25,1.0,19.7,28.0,0.2491166666666667,0.0,0.4982333333333334
2025-07-17 06:00:00,6,198,13.817296885194079,-32.2,TRACKING_AM,27.9,29.5,8.5,56.64000000000001,55.86666666666667,27.15,27.35,26.35,27.15,26.85,25.799999999999997,1.0500000000000043,1415.5,1162.0,0.5471966413867823,0.6073932827735645,0.487
2025-07-17 12:00:00,12,198,69.7846600064906,32.5,TRACKING_PM,28.9,30.5,9.58,135.33333333333334,132.0,29.45,29.950000000000003,27.15,26.35,24.45,24.95,-0.5,840.5,941.5,0.8153333333333332,1.0,0.6306666666666666
2025-07-17 18:00:00,18,198,13.817296885194079,1.9780000000000002,HORIZONTAL,25.7,26.1,1.26,22.856333333333335,21.072666666666667,28.35,28.55,29.45,27.15,28.200000000000003,24.2,4.0000000000000036,17.25,16.299999999999997,0.37088957204767065,0.24092914409534127,0.50085
2025-07-18 00:00:00,0,199,0.0,-2.2039999999999997,HORIZONTAL,22.4,22.7,0.692,-0.20666666666666667,-0.315,26.6,26.8,28.35,29.45,27.35,23.85,3.5,20.35,24.4,0.23579166666666673,0.0,0.47158333333333347
2025-07-18 06:00:00,6,199,13.7053937370754,-32.2,TRACKING_AM,28.2,29.2,7.16,44.973333333333336,45.596666666666664,27.35,28.15,26.6,28.35,34.55,23.9,10.649999999999999,1209.5,1027.0,0.5909583784759842,0.5530834236186349,0.6288333333333334
2025-07-18 12:00:00,12,199,69.60847297482628,32.5,TRACKING_PM,28.7,30.3,10.3,106.86666666666667,105.96666666666665,29.4,30.299999999999997,27.35,26.6,29.25,23.4,5.850000000000001,795.5,899.0,0.8160421632358252,0.9319176598049839,0.7001666666666667
2025-07-18 18:00:00,18,199,13.7053937370754,1.938,HORIZONTAL,26.7,27.2,2.24,18.758666666666667,17.204666666666665,28.3,28.65,29.4,27.35,25.2,23.05,2.1499999999999986,7.925000000000001,7.48,0.32126011466233295,0.2035518959913326,0.43896833333333335
2025-07-19 00:00:00,0,200,0.0,-2.152,HORIZONTAL,25.2,25.7,1.59,-0.9833333333333334,-1.3966666666666667,27.25,27.549999999999997,28.3,29.4,24.6,22.7,1.9000000000000021,13.7,12.4,0.21368333333333328,0.0,0.42736666666666656
2025-07-19 06:00:00,6,200,13.589455564070448,-32.160000000000004,TRACKING_AM,27.2,29.8,12.9,48.60666666666666,49.620000000000005,27.950000000000003,28.1,27.25,28.3,24.0,22.35,1.6499999999999986,1361.5,1111.0,0.44564707475622967,0.47379414951245935,0.4175
2025-07-19 12:00:00,12,200,69.42606364243531,32.480000000000004,TRACKING_PM,26.6,28.9,13.3,111.0,112.39999999999999,28.9,29.4,27.950000000000003,27.25,22.35,22.0,0.3500000000000014,792.5,893.5,0.776839472733839,0.9473456121343447,0.6063333333333334
2025-07-19 18:00:00,18,200,13.589455564070448,1.908,HORIZONTAL,25.3,25.7,2.42,12.693333333333335,11.756666666666666,27.4,27.6,28.9,27.950000000000003,22.3,21.6,0.6999999999999993,12.9,12.1,0.24911437342000728,0.11456208017334779,0.38366666666666677
2025-07-20 00:00:00,0,201,0.0,-2.106,HORIZONTAL,25.2,25.9,7.19,-1.2236666666666667,-1.4100000000000001,26.700000000000003,26.7,27.4,28.9,22.15,21.6,0.5499999999999972,17.1,16.25,0.18422500000000003,0.0,0.36845000000000006
2025-07-20 06:00:00,6,201,13.469508984453839,-32.1,TRACKING_AM,27.6,29.3,12.3,51.64000000000001,52.949999999999996,27.6,27.7,26.700000000000003,27.4,21.6,21.3,0.3000000000000007,1427.5,1170.0,0.4263483206933911,0.48769664138678226,0.36500000000000005
2025-07-20 12:00:00,12,201,69.23748606113968,32.4,TRACKING_PM,28.4,30.6,15.5,124.66666666666667,127.66666666666667,29.049999999999997,29.45,27.6,26.700000000000003,20.2,20.5,-0.3000000000000007,807.0,930.0,0.7693333333333334,1.0,0.5386666666666667
2025-07-20 18:00:00,18,201,13.469508984453839,1.8719999999999999,HORIZONTAL,26.1,26.5,3.49,22.00333333333333,19.733666666666668,27.9,28.05,29.049999999999997,27.6,19.3,20.05,-0.75,10.85,10.175,0.2774678900325028,0.2237607800650054,0.3311750000000001
2025-07-21 00:00:00,0,202,0.0,-2.056,HORIZONTAL,24.0,24.8,7.98,-0.723,-0.9790000000000001,26.55,26.75,27.9,29.049999999999997,19.25,19.95,-0.6999999999999993,15.7,14.7,0.15290000000000004,0.0,0.30580000000000007
2025-07-21 06:00:00,6,202,13.345581764429747,-32.1,TRACKING_AM,25.0,26.5,11.5,42.85666666666666,44.03666666666667,26.2,26.0,26.55,27.9,19.3,19.9,-0.5999999999999979,131.0,61.05,0.35373061574575665,0.3587778981581799,0.3486833333333334
2025-07-31 06:00:00,6,212,11.894328807371714,-31.72,TRACKING_AM,25.7,28.4,10.8,51.82,49.663333333333334,26.15,26.0,,,12.899999999999999,11.3,1.5999999999999979,1795.0,1408.5,0.36941738894907905,0.5773347778981581,0.16149999999999998
2025-07-31 12:00:00,12,212,66.77328192964346,32.0,TRACKING_PM,26.2,28.7,14.9,136.33333333333334,130.66666666666666,28.5,28.5,26.15,,13.9,11.8,2.0999999999999996,813.5,927.0,0.7049166666666666,1.0,0.4098333333333333
2025-07-31 18:00:00,18,212,11.894328807371714,1.404,HORIZONTAL,23.8,24.4,4.82,24.06,20.796666666666667,26.5,26.4,28.5,26.15,14.350000000000001,12.05,2.3000000000000007,15.05,15.8,0.2107285572408812,0.24217378114842908,0.1792833333333333
2025-08-01 00:00:00,0,213,0.0,-1.554,HORIZONTAL,21.0,21.3,0.197,-2.072,-0.159,24.05,24.25,26.5,28.5,14.350000000000001,12.05,2.3000000000000007,12.55,13.35,0.06581666666666668,0.0,0.13163333333333335
2025-08-01 06:00:00,6,213,11.728787718429407,-31.7,TRACKING_AM,25.7,27.0,8.19,44.583333333333336,43.78666666666667,25.9,25.75,24.05,26.5,14.399999999999999,12.1,2.299999999999999,995.0,806.5,0.36936728060671725,0.3827345612134345,0.356
2025-08-01 12:00:00,12,213,66.51554908381031,32.0,TRACKING_PM,26.4,28.8,14.6,120.33333333333333,115.0,29.200000000000003,28.85,25.9,24.05,14.65,12.399999999999999,2.2500000000000018,774.0,870.5,0.6550166124954857,0.8786998916576382,0.43133333333333335
2025-08-01 18:00:00,18,213,11.728787718429407,1.37,HORIZONTAL,24.2,25.0,5.38,16.206666666666667,13.959999999999999,27.1,26.9,29.200000000000003,25.9,14.600000000000001,12.600000000000001,2.0,8.06,7.815,0.16651365565185988,0.14773564463705308,0.18529166666666666
2025-08-02 00:00:00,0,214,0.0,-1.498,HORIZONTAL,23.5,24.1,0.905,-0.9683333333333333,-1.36,25.4,25.45,27.1,29.200000000000003,14.45,12.5,1.9499999999999993,6.145,5.23,0.07614583333333332,0.0,0.15229166666666663
2025-08-02 06:00:00,6,214,11.559693035602313,-31.660000000000004,TRACKING_AM,26.5,27.9,7.36,46.32566666666667,43.592999999999996,27.15,27.0,25.4,27.1,14.399999999999999,12.45,1.9499999999999993,1324.5,1075.5,0.34152183098591554,0.5015436619718311,0.1815
2025-08-02 12:00:00,12,214,66.2525104373503,31.9,TRACKING_PM,27.2,29.0,12.4,136.0,130.66666666666666,30.65,30.4,27.15,25.4,14.65,12.7,1.950000000000001,787.0,916.0,0.6909166666666666,1.0,0.38183333333333336
2025-08-02 18:00:00,18,214,11.559693035602313,1.312,HORIZONTAL,24.4,24.9,1.59,23.518333333333334,19.938333333333333,28.15,27.8,30.65,27.15,14.55,12.7,1.8500000000000014,13.05,12.8,0.2212240971469845,0.2343315276273023,0.20811666666666667
2025-08-03 00:00:00,0,215,0.0,-1.462,HORIZONTAL,22.3,23.1,3.06,-0.361,-0.6773333333333333,25.7,25.75,28.15,30.65,14.3,12.45,1.8500000000000014,5.9399999999999995,5.165,0.07910083333333336,0.0,0.1582016666666667
2025-08-03 06:00:00,6,215,11.387088453289497,-31.6,TRACKING_AM,25.0,26.8,10.3,37.22666666666667,37.28766666666667,26.55,26.45,25.7,28.15,14.200000000000001,12.35,1.8500000000000014,981.5,870.5,0.2851437342000722,0.21762080173347778,0.3526666666666667
2025-08-03 12:00:00,12,215,65.9842439342911,31.839999999999996,TRACKING_PM,26.0,27.7,11.5,132.0,126.0,29.55,29.549999999999997,26.55,25.7,14.3,12.5,1.8000000000000007,799.0,901.0,0.6842869266883352,0.966240520043337,0.4023333333333334
2025-08-03 18:00:00,18,215,11.387088453289497,1.264,HORIZONTAL,23.6,23.9,1.95,22.416,19.307666666666666,27.45,27.3,29.55,26.55,14.25,12.45,1.8000000000000007,12.85,12.45,0.20808844348140124,0.22024355362946912,0.19593333333333335
2025-08-04 00:00:00,0,216,0.0,-1.422,HORIZONTAL,21.3,22.0,2.12,-0.10500000000000002,-0.2864,25.1,25.25,27.45,29.55,14.0,12.350000000000001,1.6499999999999986,11.6,14.15,0.07604166666666667,0.0,0.15208333333333335
2025-08-04 06:00:00,6,216,11.21101894269591,-31.52,TRACKING_AM,25.9,27.7,11.3,52.61666666666667,50.669999999999995,26.75,26.9,25.1,27.45,13.899999999999999,12.3,1.5999999999999979,1216.0,1015.0,0.36109705669916936,0.48936078006500544,0.23283333333333334
2025-08-04 12:00:00,12,216,65.71082906778729,31.8,TRACKING_PM,26.8,29.2,15.9,132.0,126.66666666666667,30.3,30.15,26.75,25.1,14.100000000000001,12.45,1.6500000000000021,720.5,903.0,0.6936672083784761,0.9730010834236187,0.41433333333333333
2025-08-04 18:00:00,18,216,11.21101894269591,1.212,HORIZONTAL,24.6,25.6,9.5,23.64,21.053333333333335,28.1,27.85,30.3,26.75,14.0,12.4,1.5999999999999996,12.35,12.600000000000001,0.2169206843625858,0.2260247020585049,0.2078166666666667
2025-08-05 00:00:00,0,217,0.0,-1.3800000000000001,HORIZONTAL,22.5,22.1,-0.0395,-0.7704666666666666,-0.9326666666666666,25.9,26.0,28.1,30.3,13.75,12.3,1.4499999999999993,-0.010365,-0.00992,0.0795,0.0,0.159
2025-08-05 06:00:00,6,217,11.031530754444766,-31.5,TRACKING_AM,27.6,30.3,11.0,110.0,107.0,28.65,28.8,25.9,28.1,13.65,12.2,1.450000000000001,2001.0,1600.0,0.5644293066088841,0.9433586132177683,0.1855
2025-08-05 12:00:00,12,217,65.43234685656456,31.8,TRACKING_PM,27.9,29.9,11.3,132.66666666666666,126.33333333333333,31.2,31.15,28.65,25.9,13.85,12.399999999999999,1.450000000000001,798.5,884.0,0.6781475261827374,0.9806283856988083,0.3756666666666667
2025-08-05 18:00:00,18,217,11.031530754444766,1.168,HORIZONTAL,23.2,24.4,1.94,23.228666666666665,19.273666666666667,28.65,28.4,31.2,28.65,13.75,12.35,1.4000000000000004,13.3,12.0,0.20935106536655834,0.22076879739978333,0.19793333333333338
2025-08-06 00:00:00,0,218,0.0,-1.334,HORIZONTAL,21.0,20.6,0.0355,0.19096666666666665,0.12683333333333333,25.3,25.450000000000003,28.65,31.2,13.5,12.100000000000001,1.3999999999999986,10.3,13.2,0.07766666666666666,0.0,0.15533333333333332
2025-08-06 06:00:00,6,218,10.84867142005666,-31.439999999999998,TRACKING_AM,26.6,27.9,6.34,48.78,46.699999999999996,27.25,27.1,25.3,28.65,13.399999999999999,12.0,1.3999999999999986,1298.0,1014.5,0.356491513181654,0.5003163596966413,0.21266666666666667
2025-08-06 12:00:00,12,218,65.14887982091221,31.7,TRACKING_PM,27.7,29.5,11.1,119.63333333333333,114.43333333333334,30.8,30.8,27.25,25.3,13.850000000000001,12.2,1.6500000000000021,793.0,835.0,0.6229418562658,0.8445503791982666,0.4013333333333333
2025-08-06 18:00:00,18,218,10.84867142005666,1.1199999999999999,HORIZONTAL,24.6,24.8,1.5,18.545,14.967,28.25,28.2,30.8,27.25,13.75,12.100000000000001,1.6499999999999986,11.899999999999999,11.135,0.1773291449981943,0.15147995666305525,0.20317833333333335
2025-08-07 00:00:00,0,219,0.0,-1.296,HORIZONTAL,21.9,22.6,2.87,-0.1341,-0.4106666666666667,25.8,26.0,28.25,30.8,13.5,11.899999999999999,1.6000000000000014,12.75,12.100000000000001,0.08314166666666663,0.0,0.16628333333333326
2025-08-07 06:00:00,6,219,10.662489752258919,-31.4,TRACKING_AM,26.9,28.1,7.57,47.79333333333333,45.93333333333334,27.55,27.6,25.8,28.25,13.45,11.75,1.6999999999999993,1242.5,997.0,0.36240465872156014,0.4798093174431202,0.24500000000000008
2025-08-07 12:00:00,12,219,64.86051195823076,31.7,TRACKING_PM,28.1,29.6,9.64,128.66666666666666,123.0,31.4,31.5,27.55,25.8,13.7,12.0,1.6999999999999993,759.0,875.5,0.67160987721199,0.9570530877573132,0.3861666666666667
2025-08-07 18:00:00,18,219,10.662489752258919,1.072,HORIZONTAL,24.6,24.8,0.394,20.670666666666666,17.983,28.85,28.75,31.4,27.55,13.65,11.95,1.700000000000001,11.399999999999999,11.75,0.1971125045142651,0.2025083423618635,0.19171666666666667
2025-08-08 00:00:00,0,220,0.0,-1.25,HORIZONTAL,20.9,21.4,3.31,0.409,0.403,25.55,25.7,28.85,31.4,13.25,11.600000000000001,1.6499999999999986,13.7,17.0,0.08136666666666668,0.0,0.16273333333333337
2025-08-08 06:00:00,6,220,10.473035844091912,-31.3,TRACKING_AM,26.4,28.4,8.74,48.879999999999995,46.89333333333334,27.25,27.4,25.55,28.85,13.100000000000001,11.5,1.6000000000000014,1243.0,1025.5,0.3735935355724088,0.5168537378114844,0.23033333333333333
2025-08-08 12:00:00,12,220,64.56732871814128,31.6,TRACKING_PM,29.1,30.4,8.62,129.0,123.0,31.55,31.65,27.25,25.55,13.399999999999999,11.8,1.5999999999999979,747.0,842.0,0.6780399061032865,0.9577464788732396,0.3983333333333333
2025-08-08 18:00:00,18,220,10.473035844091912,1.024,HORIZONTAL,24.8,24.6,0.628,19.994,17.233,28.9,28.75,31.55,27.25,13.3,11.9,1.4000000000000004,9.524999999999999,9.265,0.1908166612495486,0.19186998916576387,0.18976333333333337
2025-08-09 00:00:00,0,221,0.0,-1.212,HORIZONTAL,20.9,20.9,1.4,0.2495666666666667,0.19236666666666666,25.7,25.85,28.9,31.55,13.0,11.75,1.25,11.45,13.75,0.08195,0.0,0.1639
2025-08-09 06:00:00,6,221,10.280361066782126,-31.3,TRACKING_AM,27.0,28.6,8.12,47.839999999999996,45.67333333333334,27.3,27.5,25.7,28.9,12.899999999999999,11.649999999999999,1.25,1222.5,991.5,0.3792318526543879,0.5084637053087758,0.25
2025-08-09 12:00:00,12,221,64.26941697716522,31.6,TRACKING_PM,28.4,29.7,8.54,126.66666666666667,120.33333333333333,31.75,31.95,27.3,25.7,13.15,11.850000000000001,1.299999999999999,697.0,831.0,0.6822396171903214,0.9508125677139763,0.4136666666666667
2025-08-09 18:00:00,18,221,10.280361066782126,0.9814,HORIZONTAL,25.2,25.0,0.292,19.125666666666664,16.185333333333332,29.1,29.0,31.75,27.3,12.95,11.75,1.1999999999999993,6.48,6.395,0.18662828187071145,0.18996489707475625,0.18329166666666666
2025-08-10 00:00:00,0,222,0.0,-1.166,HORIZONTAL,23.0,23.2,0.246,-0.3833333333333333,-0.35313333333333335,26.5,26.7,29.1,31.75,12.7,11.5,1.1999999999999993,11.25,11.95,0.0898666666666667,0.0,0.1797333333333334
2025-08-10 06:00:00,6,222,10.08451806635472,-31.2,TRACKING_AM,29.7,30.3,5.34,44.60333333333333,42.54666666666667,28.4,28.55,26.5,29.1,12.75,11.350000000000001,1.3999999999999986,1197.0,984.5,0.37135464066449986,0.4793759479956663,0.26333333333333336
2025-08-10 12:00:00,12,222,63.966865012980946,31.5,TRACKING_PM,29.8,32.1,10.5,124.33333333333333,118.0,32.7,32.7,28.4,26.5,13.05,11.6,1.450000000000001,709.5,783.5,0.6609380642831347,0.9135427952329362,0.40833333333333327
2025-08-10 18:00:00,18,222,10.08451806635472,0.9254,HORIZONTAL,27.0,27.2,1.53,13.296666666666667,11.238666666666667,30.0,29.85,32.7,28.4,12.9,11.5,1.4000000000000004,8.395,5.79,0.14760560762007943,0.12898288190682558,0.16622833333333328
2025-08-11 00:00:00,0,223,0.0,-1.128,HORIZONTAL,25.7,26.4,4.89,-0.7239999999999999,-0.6783333333333333,27.85,28.0,30.0,32.7,12.7,11.45,1.25,-0.016155,-0.013560000000000001,0.09925,0.0,0.1985
2025-08-14 06:00:00,6,226,9.27056107361637,-30.919999999999998,TRACKING_AM,29.4,30.7,8.0,50.06666666666666,49.0,28.85,29.049999999999997,26.3,,11.7,11.95,-0.25,1242.5,1017.5,0.39344330083062484,0.559219934994583,0.2276666666666667
2025-08-14 12:00:00,12,226,62.712068041992175,31.3,TRACKING_PM,29.8,32.1,13.6,132.0,124.0,32.55,32.6,28.85,26.3,11.95,12.2,-0.25,738.0,835.5,0.6534517876489707,0.9229035752979415,0.384
2025-08-14 18:00:00,18,226,9.27056107361637,0.7384000000000001,HORIZONTAL,26.2,26.5,3.45,5.291333333333333,4.5393333333333326,29.95,29.85,32.55,28.85,11.75,12.05,-0.3000000000000007,2.7199999999999998,2.535,0.09896185716865297,0.03417204767063922,0.1637516666666667
2025-08-15 00:00:00,0,227,0.0,-0.9763999999999999,HORIZONTAL,23.8,24.0,4.02,-0.48,-0.527,27.15,27.35,29.95,32.55,11.5,11.75,-0.25,8.675,10.85,0.09575416666666671,0.0,0.19150833333333342
2025-08-15 06:00:00,6,227,9.059710865338618,-30.9,TRACKING_AM,29.0,30.5,8.98,45.50333333333333,42.61666666666667,28.75,29.0,27.15,29.95,11.45,11.7,-0.25,1186.0,973.0,0.37396487901769593,0.4850964247020585,0.2628333333333333
2025-08-15 12:00:00,12,227,62.387686313735585,31.2,TRACKING_PM,29.7,31.5,9.2,129.66666666666666,121.0,32.5,32.85,28.75,27.15,11.65,11.95,-0.29999999999999893,921.5,1028.0,0.5983658360418924,0.9400650054171181,0.2566666666666667
2025-08-15 18:00:00,18,227,9.059710865338618,0.6914,HORIZONTAL,25.8,25.8,1.23,7.69,6.741333333333333,30.15,30.15,32.5,28.75,11.55,11.8,-0.25,6.4,5.83,0.12031731491513184,0.07955796316359698,0.1610766666666667
2025-08-16 00:00:00,0,228,0.0,-0.9362,HORIZONTAL,23.6,23.9,3.66,-0.30696666666666667,-0.32006666666666667,27.1,27.35,30.15,32.5,11.14,11.55,-0.41000000000000014,0.3005,0.10045,0.092316825,0.0,0.18463365
2025-08-17 18:00:00,18,229,8.629594023182083,0.6068,HORIZONTAL,26.9,27.2,1.28,7.701666666666667,5.641000000000001,29.9,29.9,32.05,,10.93,11.45,-0.5199999999999996,3.9750000000000005,3.485,0.10971375586854462,0.054940845070422545,0.1644866666666667
2025-08-18 00:00:00,0,230,0.0,-0.8664,HORIZONTAL,24.4,25.0,0.918,-0.6583333333333333,-1.1836666666666666,27.85,28.049999999999997,29.9,32.05,10.73,11.265,-0.5350000000000001,6.8149999999999995,5.9350000000000005,0.101625,0.0,0.20325
2025-08-18 06:00:00,6,230,8.410451318724046,-30.7,TRACKING_AM,28.6,30.8,9.36,42.93333333333334,40.553333333333335,29.15,29.15,27.85,29.9,10.719999999999999,11.265,-0.5450000000000017,896.5,714.0,0.39953295413506684,0.3588992416034669,0.44016666666666676
2025-08-18 12:00:00,12,230,61.390435879392875,31.0,TRACKING_PM,29.0,30.8,8.19,105.93333333333334,99.36666666666667,32.1,32.15,29.15,27.85,10.915,11.45,-0.5350000000000001,597.0,671.0,0.6205477609245216,0.7462621885157097,0.49483333333333335
2025-08-18 18:00:00,18,230,8.410451318724046,0.5602,HORIZONTAL,26.3,26.7,3.06,5.075966666666667,4.341333333333333,29.7,29.549999999999997,32.1,29.15,10.74,11.29,-0.5499999999999989,3.48,3.1100000000000003,0.10384898338750449,0.03800130010834236,0.16969666666666663
2025-08-19 00:00:00,0,231,0.0,-0.8347999999999999,HORIZONTAL,26.0,26.4,4.92,-0.9586666666666667,-1.4733333333333334,27.8,27.85,29.7,32.1,10.555,11.2,-0.6449999999999996,0.21800000000000003,0.1605,0.09831308333333337,0.0,0.19662616666666674
2025-08-19 06:00:00,6,231,8.18867036305172,-30.6,TRACKING_AM,26.1,27.1,6.41,7.836666666666666,6.362666666666667,26.95,27.05,27.8,29.7,10.504999999999999,11.149999999999999,-0.6449999999999996,361.0,330.5,0.22345047670639218,0.036400953412784404,0.4105
2025-08-19 12:00:00,12,231,61.05031232891573,31.0,TRACKING_PM,26.9,29.2,13.1,90.86666666666667,83.76666666666667,29.8,29.9,26.95,27.8,10.61,11.219999999999999,-0.6099999999999994,644.0,720.5,0.600345521849043,0.6925243770314193,0.5081666666666667
2025-08-19 18:00:00,18,231,8.18867036305172,0.5238,HORIZONTAL,24.4,25.5,8.84,9.362,7.920333333333333,28.299999999999997,28.15,29.8,26.95,10.594999999999999,11.184999999999999,-0.5899999999999999,3.2199999999999998,3.4749999999999996,0.13920472824124233,0.08067778981581798,0.1977316666666667
2025-08-20 00:00:00,0,232,0.0,-0.8,HORIZONTAL,22.6,23.3,2.73,-0.7366666666666667,-1.2866666666666668,26.35,26.4,28.299999999999997,29.8,10.465,11.065000000000001,-0.6000000000000014,6.699999999999999,6.234999999999999,0.08590583333333333,0.0,0.17181166666666667
2025-08-20 06:00:00,6,232,7.964316073511184,-30.5,TRACKING_AM,24.5,26.1,9.13,27.573333333333334,27.503333333333334,26.65,27.05,26.35,28.299999999999997,10.405000000000001,11.015,-0.6099999999999994,774.0,700.5,0.3230620260021669,0.16062405200433372,0.48550000000000004
2025-08-20 12:00:00,12,232,60.70650244541161,30.9,TRACKING_PM,26.4,28.0,10.9,103.26666666666667,96.26666666666667,30.35,30.35,26.65,26.35,10.6,11.235,-0.6349999999999998,583.5,625.5,0.6443174431202601,0.7386348862405202,0.55
2025-08-20 18:00:00,18,232,7.964316073511184,0.481,HORIZONTAL,21.5,22.4,6.04,11.091333333333333,8.623333333333333,27.4,26.9,30.35,26.65,15.0,16.2,-1.1999999999999993,4.415,3.2649999999999997,0.14547685807150595,0.08939371614301192,0.20155999999999996
2025-08-21 00:00:00,0,233,0.0,-0.7644,HORIZONTAL,18.1,18.4,0.0125,0.21033333333333334,-0.674,22.95,22.95,27.4,30.35,21.6,21.45,0.15000000000000213,7.65,11.7,0.139725,0.0,0.27945
2025-08-21 06:00:00,6,233,7.737454517206731,-30.4,TRACKING_AM,22.6,23.9,7.78,31.52666666666667,29.659999999999997,23.55,24.0,22.95,27.4,21.15,19.95,1.1999999999999993,1221.5,1003.0,0.41361105092091,0.5052221018418201,0.3219999999999999
2025-08-21 12:00:00,12,233,60.35910810716898,30.8,TRACKING_PM,25.8,27.0,10.2,75.23333333333333,74.0,25.9,26.35,23.55,22.95,18.950000000000003,17.7,1.2500000000000036,590.5,679.0,0.7233607800650055,0.8187215601300109,0.6280000000000001
2025-08-21 18:00:00,18,233,7.737454517206731,0.44539999999999996,HORIZONTAL,23.0,23.7,5.21,2.953333333333333,2.4,23.85,24.0,25.9,23.55,17.75,16.65,1.1000000000000014,1.9000000000000001,1.5899999999999999,0.1078198212351029,0.03730964247020586,0.17832999999999996
2025-08-22 00:00:00,0,234,0.0,-0.7272000000000001,HORIZONTAL,20.3,21.2,5.48,-0.6206666666666667,-1.1119999999999999,22.55,22.75,23.85,25.9,17.3,16.25,1.0500000000000007,5.17,5.755,0.07198749999999995,0.0,0.1439749999999999
2025-08-22 06:00:00,6,234,7.5081528915226405,-30.4,TRACKING_AM,23.7,26.1,11.4,31.708333333333332,31.505,23.6,23.6,22.55,23.85,16.9,16.0,0.8999999999999986,1362.0,964.0,0.31137457565908266,0.44741581798483204,0.17533333333333334
2025-08-22 12:00:00,12,234,60.008232254627714,30.7,TRACKING_PM,26.2,27.5,10.6,100.89999999999999,101.3,26.9,27.3,23.6,22.55,16.7,16.0,0.6999999999999993,685.0,797.5,0.7362828638497654,0.9487323943661973,0.5238333333333335
2025-08-22 18:00:00,18,234,7.5081528915226405,0.4056,HORIZONTAL,23.0,23.4,1.17,14.960666666666668,11.482333333333331,24.95,25.049999999999997,26.9,23.6,16.3,15.75,0.5500000000000007,3.24,2.9299999999999997,0.15718124052004334,0.14497248104008667,0.16938999999999999
2025-08-23 00:00:00,0,235,0.0,-0.6976,HORIZONTAL,20.7,21.2,0.79,-0.299,-0.66,23.0,23.25,24.95,26.9,16.05,15.5,0.5500000000000007,3.24,5.575,0.0630525,0.0,0.126105
2025-08-23 06:00:00,6,235,7.276479503317043,-30.3,TRACKING_AM,24.9,26.4,9.47,35.10433333333334,34.59866666666667,24.8,25.2,23.0,24.95,16.35,15.399999999999999,0.9500000000000028,1204.0,980.0,0.36000686168291807,0.48468039003250274,0.23533333333333334
2025-08-23 12:00:00,12,235,59.65397885987536,30.68,TRACKING_PM,26.4,28.4,13.8,117.66666666666667,113.33333333333333,28.6,29.0,24.8,23.0,16.5,15.5,1.0,673.0,778.5,0.7433299927771759,0.9598266522210184,0.5268333333333334
2025-08-23 18:00:00,18,235,7.276479503317043,0.3722,HORIZONTAL,23.8,24.2,3.39,18.741333333333333,12.955,26.15,26.1,28.6,24.8,16.35,15.35,1.0000000000000018,5.485,3.705,0.1828439274106176,0.17745785482123513,0.1882300000000001
2025-08-24 00:00:00,0,236,0.0,-0.6652,HORIZONTAL,21.4,22.2,2.31,-0.42733333333333334,-0.5676666666666667,23.9,24.15,26.15,28.6,16.1,15.05,1.0500000000000007,7.62,7.13,0.07037500000000002,0.0,0.14075000000000004
2025-08-24 06:00:00,6,236,7.042503746804212,-30.2,TRACKING_AM,25.7,27.4,7.72,38.050000000000004,37.65333333333333,26.299999999999997,26.5,23.9,26.15,16.3,15.0,1.3000000000000007,1148.0,899.5,0.34320864933188877,0.3835839653304442,0.3028333333333333
2025-08-24 12:00:00,12,236,59.29645289583831,30.6,TRACKING_PM,27.4,29.1,9.74,114.66666666666667,107.56666666666666,30.7,31.25,26.299999999999997,23.9,16.45,15.25,1.1999999999999993,628.5,736.0,0.6970702419646082,0.8858071505958831,0.5083333333333333
2025-08-24 18:00:00,18,236,7.042503746804212,0.3274,HORIZONTAL,24.7,25.0,0.482,12.534333333333334,9.772666666666668,27.7,27.65,30.7,26.299999999999997,16.25,15.05,1.1999999999999993,2.9050000000000002,2.1799999999999997,0.16245138226796677,0.11237443120260023,0.2125283333333333
2025-08-25 00:00:00,0,237,0.0,-0.6397999999999999,HORIZONTAL,22.2,22.7,1.85,-0.28800000000000003,-0.4326666666666667,25.0,25.25,27.7,30.7,16.05,14.75,1.3000000000000007,3.635,3.37,0.07775083333333337,0.0,0.15550166666666673
2025-08-25 06:00:00,6,237,6.806296080142666,-30.1,TRACKING_AM,23.8,24.7,3.38,7.313,6.835666666666666,24.950000000000003,25.200000000000003,25.0,27.7,16.3,14.600000000000001,1.6999999999999993,166.0,142.0,0.15007076561935723,0.043974864572047676,0.25616666666666676
2025-08-25 12:00:00,12,237,58.935760305175606,30.5,TRACKING_PM,26.4,27.6,8.51,34.800000000000004,33.1,26.85,26.95,24.950000000000003,25.0,16.3,14.600000000000001,1.6999999999999993,437.0,434.0,0.3840453232213796,0.2877573131094258,0.48033333333333333
2025-08-25 18:00:00,18,237,6.806296080142666,0.2924,HORIZONTAL,25.0,25.3,0.791,4.426666666666667,3.7733333333333334,25.950000000000003,25.950000000000003,26.85,24.950000000000003,16.200000000000003,14.5,1.7000000000000028,1.19,0.97,0.1032083568075118,0.037363380281690145,0.16905333333333344
2025-08-26 00:00:00,0,238,0.0,-0.6113999999999999,HORIZONTAL,22.1,22.0,-0.0788,-0.5236666666666667,-0.9616666666666666,24.1,24.2,25.950000000000003,26.85,16.1,14.3,1.8000000000000007,5.11,4.5600000000000005,0.06577833333333336,0.0,0.1315566666666667
2025-08-26 06:00:00,6,238,6.567928000751108,-30.02,TRACKING_AM,25.8,28.1,8.11,35.92,34.9,25.8,25.9,24.1,25.950000000000003,16.2,14.15,2.049999999999999,1075.0,880.0,0.35437594799566635,0.39875189599133265,0.31000000000000005
2025-08-26 12:00:00,12,238,58.57200796888636,30.4,TRACKING_PM,26.4,28.5,9.66,110.0,104.03333333333335,30.15,30.25,25.8,24.1,16.799999999999997,14.3,2.4999999999999964,631.0,727.0,0.6907226435536296,0.863445287107259,0.518
2025-08-26 18:00:00,18,238,6.567928000751108,0.2612,HORIZONTAL,24.3,25.2,6.54,12.653233333333333,8.831999999999999,27.25,27.15,30.15,25.8,16.549999999999997,14.25,2.299999999999997,1.77,1.71,0.15572568436258577,0.11562470205850488,0.19582666666666665
2025-08-27 00:00:00,0,239,0.0,-0.5835999999999999,HORIZONTAL,23.5,24.4,6.17,-1.046,-1.33,25.25,25.3,27.25,30.15,16.25,14.100000000000001,2.1499999999999986,3.335,2.6550000000000002,0.07608166666666667,0.0,0.15216333333333334
2025-08-27 06:00:00,6,239,6.327472019374241,-29.919999999999998,TRACKING_AM,25.7,28.0,12.7,32.3613,32.23566666666667,26.4,26.6,25.25,27.25,16.25,13.95,2.3000000000000007,782.0,657.0,0.3701489707475623,0.24729794149512463,0.493
2025-08-27 12:00:00,12,239,58.20530367463816,30.380000000000003,TRACKING_PM,26.8,29.1,14.9,93.53333333333335,86.8,29.9,30.0,26.4,25.25,16.3,14.100000000000001,2.1999999999999993,561.0,628.5,0.6264654207295053,0.6900975081256772,0.5628333333333334
2025-08-27 18:00:00,18,239,6.327472019374241,0.2318,HORIZONTAL,25.0,26.1,10.8,3.387,2.783333333333333,27.35,27.35,29.9,26.4,15.950000000000001,13.899999999999999,2.0500000000000025,1.415,1.26,0.10772698176236911,0.02756229685807151,0.1878916666666667
2025-08-28 00:00:00,0,240,0.0,-0.5544,HORIZONTAL,23.7,24.5,3.12,-1.45,-1.5366666666666668,25.8,25.9,27.35,29.9,15.7,13.7,2.0,4.765000000000001,4.279999999999999,0.08000750000000004,0.0,0.16001500000000007
2025-08-28 06:00:00,6,240,6.085001632925387,-29.880000000000003,TRACKING_AM,24.6,25.4,1.99,5.023,4.301733333333334,25.5,25.65,25.8,27.35,15.5,13.600000000000001,1.8999999999999986,309.5,308.5,0.2045909534127844,0.0516819068255688,0.35750000000000004
2025-08-28 12:00:00,12,240,57.835756084827594,30.3,TRACKING_PM,25.4,27.1,10.5,73.26666666666667,70.10000000000001,28.35,28.7,25.5,25.8,15.45,13.65,1.799999999999999,577.0,624.0,0.5752333875045144,0.5613001083423619,0.5891666666666667
2025-08-28 18:00:00,18,240,6.085001632925387,0.2062,HORIZONTAL,19.8,20.4,6.03,4.245333333333334,3.2738666666666667,24.4,23.05,28.35,25.5,39.7,33.35,6.350000000000001,1.5550000000000002,1.28,0.18356531690140843,0.025685633802816906,0.34144499999999994
2025-08-29 00:00:00,0,241,0.0,-0.5206000000000001,HORIZONTAL,18.8,19.7,5.51,0.4603333333333333,-0.17833333333333334,21.799999999999997,21.65,24.4,28.35,33.55,24.0,9.549999999999997,5.345000000000001,4.5600000000000005,0.22256749999999995,0.0,0.4451349999999999
2025-08-29 06:00:00,6,241,5.840591296132964,-29.8,TRACKING_AM,21.8,23.4,8.43,34.07333333333333,31.94333333333333,22.0,22.25,21.799999999999997,24.4,26.1,22.0,4.100000000000001,1043.5,824.5,0.4687467136150235,0.4363267605633803,0.5011666666666668
2025-08-29 12:00:00,12,241,57.46347470438096,30.2,TRACKING_PM,26.1,27.5,13.2,93.66666666666667,90.76666666666667,24.65,24.799999999999997,22.0,21.799999999999997,23.25,19.45,3.8000000000000007,579.0,708.0,0.7723462441314554,0.8698591549295774,0.6748333333333333
2025-08-29 18:00:00,18,241,5.840591296132964,0.1706,HORIZONTAL,22.0,22.4,6.44,14.173666666666668,9.94,22.7,22.7,24.65,22.0,21.549999999999997,18.55,2.9999999999999964,1.375,2.105,0.1953337883712531,0.16084091007583964,0.22982666666666657
2025-08-30 00:00:00,0,242,0.0,-0.5012000000000001,HORIZONTAL,18.1,18.8,3.44,-0.44106666666666666,-0.7186666666666667,20.85,21.049999999999997,22.7,24.65,21.25,18.1,3.1499999999999986,4.995,8.27,0.09404416666666669,0.0,0.18808833333333339
2025-08-30 06:00:00,6,242,5.594316392021746,-29.7,TRACKING_AM,24.0,25.8,7.54,29.346666666666668,28.793333333333333,22.95,23.049999999999997,20.85,22.7,21.15,18.2,2.9499999999999993,1261.5,953.0,0.3915446912242686,0.4965893824485374,0.28649999999999987
2025-08-30 12:00:00,12,242,57.08856984830573,30.1,TRACKING_PM,24.9,26.5,11.3,97.83333333333333,102.26666666666667,26.0,26.4,22.95,20.85,20.8,18.65,2.150000000000002,626.5,763.0,0.7904697544239798,0.9541061755146262,0.6268333333333334
2025-08-30 18:00:00,18,242,5.594316392021746,0.1472,HORIZONTAL,23.0,23.9,7.3,13.99,9.950000000000001,24.0,24.15,26.0,22.95,20.35,18.4,1.9500000000000028,1.335,1.19,0.1979125740339473,0.15681681473456122,0.23900833333333338
2025-08-31 00:00:00,0,243,0.0,-0.47400000000000003,HORIZONTAL,21.4,22.1,3.11,-1.2966666666666666,-1.51,22.75,22.95,24.0,26.0,20.1,18.25,1.8500000000000014,6.0600000000000005,10.2,0.1068766666666667,0.0,0.2137533333333334
2025-08-31 06:00:00,6,243,5.346253201260911,-29.6,TRACKING_AM,25.7,26.5,6.22,32.31033333333333,34.51666666666667,24.7,25.15,22.75,24.0,20.200000000000003,18.200000000000003,2.0,1083.0,883.0,0.4294013181654027,0.4636359696641387,0.39516666666666667
2025-08-31 12:00:00,12,243,56.711152609002,30.0,TRACKING_PM,27.1,27.9,9.54,89.36666666666667,99.10000000000001,28.4,29.15,24.7,22.75,20.35,18.6,1.75,482.0,623.0,0.719701968219574,0.7672372697724811,0.6721666666666668
2025-08-31 18:00:00,18,243,5.346253201260911,0.1278,HORIZONTAL,25.3,25.6,2.3,4.233333333333333,3.7366666666666664,25.8,26.1,28.4,24.7,20.1,18.299999999999997,1.8000000000000043,0.47100000000000003,0.5015000000000001,0.15810360012639943,0.04488303358613218,0.2713241666666667
2025-09-01 00:00:00,0,244,0.0,-0.4426,HORIZONTAL,22.5,23.6,5.92,-1.3366666666666667,-1.55,24.4,24.7,25.8,28.4,19.9,18.049999999999997,1.8500000000000014,1.002,1.1749999999999998,0.11886283333333328,0.0,0.23772566666666656
2025-09-01 06:00:00,6,244,5.096478870413032,-29.5,TRACKING_AM,23.2,24.6,6.54,28.375333333333334,31.030666666666672,24.85,25.15,24.4,25.8,19.75,17.950000000000003,1.7999999999999972,1090.0,868.0,0.3529757313109426,0.3159514626218852,0.39
2025-09-01 12:00:00,12,244,56.331334823343006,29.9,TRACKING_PM,25.8,27.4,12.3,124.33333333333333,121.56666666666666,27.7,28.75,24.85,24.4,19.9,18.1,1.7999999999999972,635.5,792.5,0.7703747742867462,0.9145828819068256,0.6261666666666668
2025-09-01 18:00:00,18,244,5.096478870413032,0.09903999999999999,HORIZONTAL,20.9,19.3,-0.069,20.158,17.331,24.1,24.6,27.7,24.85,19.6,17.85,1.75,0.000512,0.006149999999999999,0.2188642450390033,0.21139293607800652,0.2263355540000001
2025-09-02 00:00:00,0,245,0.0,-0.4234,HORIZONTAL,18.4,19.1,5.87,-0.4845,-0.6995,21.299999999999997,21.85,24.1,27.7,19.35,17.5,1.8500000000000014,4.505,5.17,0.08302916666666668,0.0,0.16605833333333336
2025-09-02 06:00:00,6,245,4.845071379120643,-29.4,TRACKING_AM,22.3,24.2,8.15,44.669999999999995,44.333333333333336,23.25,23.55,21.299999999999997,24.1,19.3,17.45,1.8500000000000014,1179.0,912.0,0.32704604550379196,0.353092091007584,0.30099999999999993
2025-09-02 12:00:00,12,245,55.949229039535794,29.8,TRACKING_PM,25.3,27.2,14.5,140.0,127.5,27.25,28.2,23.25,21.299999999999997,19.4,17.700000000000003,1.6999999999999957,575.5,719.0,0.7731236908631275,0.8885807150595882,0.6576666666666667
2025-09-02 18:00:00,18,245,4.845071379120643,0.07128,HORIZONTAL,22.6,22.9,3.47,9.233333333333334,7.136666666666667,24.549999999999997,25.1,27.25,23.25,19.25,17.5,1.75,0.596,0.5780000000000001,0.14733368400144456,0.06777603466955581,0.2268913333333333
2025-09-03 00:00:00,0,246,0.0,-0.4024,HORIZONTAL,19.2,19.8,4.42,-0.2823333333333333,-0.4116666666666666,22.0,22.6,24.549999999999997,27.25,19.0,17.2,1.8000000000000007,3.485,6.025,0.08591833333333336,0.0,0.17183666666666672
2025-09-03 06:00:00,6,246,4.592109506268055,-29.3,TRACKING_AM,24.2,25.8,8.87,42.818000000000005,39.193333333333335,24.5,25.0,22.0,24.549999999999997,19.0,17.15,1.8500000000000014,1159.0,936.0,0.3956583604189238,0.472650054171181,0.31866666666666665
2025-09-03 12:00:00,12,246,55.56494848377061,29.7,TRACKING_PM,26.0,28.2,14.1,148.33333333333334,132.33333333333334,29.15,29.9,24.5,22.0,19.2,17.3,1.8999999999999986,603.0,707.5,0.7855063199711088,0.9516793066088841,0.6193333333333334
2025-09-03 18:00:00,18,246,4.592109506268055,0.05486,HORIZONTAL,23.7,24.6,5.52,16.503333333333334,9.74,26.55,26.75,29.15,24.5,19.05,17.15,1.9000000000000021,1.4700000000000002,0.933,0.19902369248826293,0.14157971830985916,0.2564676666666667
2025-09-04 00:00:00,0,247,0.0,-0.376,HORIZONTAL,20.6,21.4,4.36,-0.3065,-0.301,23.2,23.65,26.55,29.15,18.65,16.8,1.8499999999999979,1.113,1.31,0.09098716666666667,0.0,0.18197433333333335
2025-09-04 06:00:00,6,247,4.337672795158416,-29.2,TRACKING_AM,25.2,26.7,7.52,42.5713,39.806333333333335,25.8,26.15,23.2,26.55,18.5,16.799999999999997,1.7000000000000028,910.5,728.0,0.4326608884073673,0.3813217768147346,0.48399999999999993
2025-09-04 12:00:00,12,247,55.17860702666964,29.6,TRACKING_PM,26.7,28.4,12.3,135.66666666666666,120.33333333333333,29.55,30.049999999999997,25.8,23.2,18.6,17.0,1.6000000000000014,580.5,693.5,0.7382892741061756,0.8625785482123511,0.6140000000000001
2025-09-04 18:00:00,18,247,4.337672795158416,0.031080000000000003,HORIZONTAL,23.9,24.6,5.82,12.718000000000002,8.692666666666666,26.55,26.8,29.55,25.8,18.700000000000003,16.9,1.8000000000000043,0.32999999999999996,0.6034999999999999,0.1809569231672084,0.11343601300108344,0.2484778333333334
2025-09-05 00:00:00,0,248,0.0,-0.3566,HORIZONTAL,22.2,23.0,6.5,-1.46,-1.4566666666666668,24.35,24.8,26.55,29.55,18.45,16.65,1.8000000000000007,3.4699999999999998,2.72,0.10078166666666667,0.0,0.20156333333333334
2025-09-05 06:00:00,6,248,4.081841517746948,-29.1,TRACKING_AM,23.2,25.4,9.18,45.454,44.18366666666666,25.7,26.0,24.35,26.55,18.4,16.7,1.6999999999999993,1049.0,878.0,0.3755872878295413,0.36850790899241603,0.38266666666666665
2025-09-05 12:00:00,12,248,54.79031914954452,29.5,TRACKING_PM,24.0,26.0,10.3,143.66666666666666,128.33333333333334,29.3,29.75,25.7,24.35,18.5,17.0,1.5,614.0,618.0,0.763493950884796,0.8948212351029252,0.6321666666666668
2025-09-05 18:00:00,18,248,4.081841517746948,0.02195,HORIZONTAL,20.4,20.7,0.802,16.590666666666667,10.737666666666668,25.25,25.450000000000003,29.3,25.7,18.25,16.75,1.5,0.9445,0.664,0.17713565285301558,0.14006847237269776,0.21420283333333337
2025-09-06 00:00:00,0,249,0.0,-0.3356,HORIZONTAL,17.6,18.4,5.42,0.17400000000000002,0.11936666666666666,22.15,22.65,25.25,29.3,18.0,16.5,1.5,4.62,6.715,0.07588916666666667,0.0,0.15177833333333335
2025-09-06 06:00:00,6,249,3.8246966379737164,-29.04,TRACKING_AM,24.1,25.2,6.55,45.276666666666664,41.04666666666667,24.85,25.2,22.15,25.25,18.0,16.45,1.5500000000000007,1128.0,928.0,0.38815790899241603,0.46181581798483207,0.3145
2025-09-06 12:00:00,12,249,54.400199910473155,29.4,TRACKING_PM,25.8,26.6,5.98,132.33333333333334,117.3,29.6,30.6,24.85,22.15,18.2,16.7,1.5,344.0,458.0,0.6860700613940052,0.8814734561213435,0.4906666666666667
2025-09-06 18:00:00,18,249,3.8246966379737164,0.004222562000000001,HORIZONTAL,22.7,22.9,0.608,13.739666666666666,10.383000000000001,26.2,26.65,29.6,24.85,18.1,16.6,1.5,0.518,0.603,0.17476812983026363,0.11799592632719394,0.23154033333333335
2025-09-07 00:00:00,0,250,0.0,-0.3216,HORIZONTAL,21.2,22.1,3.44,-0.759,-1.1643333333333332,24.1,24.65,26.2,29.6,18.05,16.450000000000003,1.5999999999999979,3.92,4.805,0.09520416666666665,0.0,0.1904083333333333
2025-09-07 06:00:00,6,250,3.5663197742397834,-28.939999999999998,TRACKING_AM,25.5,26.9,5.6,40.06633333333333,36.98666666666667,25.85,26.55,24.1,26.2,18.049999999999997,16.35,1.6999999999999957,840.5,740.5,0.3608491513181654,0.22603163596966416,0.4956666666666667
2025-09-07 12:00:00,12,250,54.00836491020555,29.3,TRACKING_PM,27.3,29.0,8.29,116.89999999999999,101.76666666666667,29.9,31.05,25.85,24.1,18.6,16.55,2.0500000000000007,801.0,917.5,0.5693421812928856,0.6923510292524377,0.44633333333333336
2025-09-07 18:00:00,18,250,3.5663197742397834,-0.0088628,HORIZONTAL,23.9,24.4,2.49,-1.395,-1.54,26.5,26.9,29.9,25.85,18.9,16.35,2.549999999999997,-0.0128,-0.006325,0.122,0.0,0.244
2025-09-08 00:00:00,0,251,0.0,-0.2966,HORIZONTAL,23.3,24.1,4.75,-0.8003333333333332,-1.1900000000000002,25.1,25.549999999999997,26.5,29.9,18.8,16.15,2.650000000000002,1.2000000000000002,1.025,0.10662083333333335,0.0,0.2132416666666667
2025-09-08 06:00:00,6,251,3.306793161072589,-28.880000000000003,TRACKING_AM,24.1,25.7,,18.705000000000002,18.386666666666667,28.05,27.3,25.1,26.5,18.85,16.0,2.8500000000000014,11.655000000000001,6.4350000000000005,0.1773956681112315,0.09059466955579633,0.2641966666666667
2025-09-18 06:00:00,6,261,0.6667426813877544,-27.8,TRACKING_AM,24.9,27.7,,23.923333333333336,23.391333333333336,25.450000000000003,25.549999999999997,19.4,23.25,12.55,8.985,3.5650000000000013,1172.0,836.5,0.3175475081256772,0.3545950162513543,0.2805000000000001
2025-09-18 12:00:00,12,261,49.61844114162623,28.0,TRACKING_PM,26.9,27.7,,82.76666666666667,75.56666666666666,28.5,29.450000000000003,25.450000000000003,19.4,14.5,12.7,1.8000000000000007,488.5,596.5,0.6892848501263995,0.8364030335861323,0.5421666666666667
2025-09-18 18:00:00,18,261,0.6667426813877544,-0.03858,HORIZONTAL,23.4,23.3,,5.444,3.5596666666666668,26.75,27.1,28.5,25.450000000000003,15.75,14.85,0.9000000000000004,0.036699999999999997,-0.010884999999999999,0.12848117140574217,0.07045373781148431,0.186508605
2025-09-19 00:00:00,0,262,0.0,-0.13040000000000002,HORIZONTAL,20.4,21.1,,-0.05346666666666666,-0.42399999999999993,24.7,24.799999999999997,26.75,28.5,16.450000000000003,14.950000000000001,1.5000000000000018,1.4,1.145,0.07725750000000005,0.0,0.1545150000000001
2025-09-19 06:00:00,6,262,0.40013209392023114,-27.7,TRACKING_AM,24.4,25.9,,23.533333333333335,22.462666666666667,25.3,25.75,24.7,26.75,16.85,15.0,1.8500000000000014,1014.0,823.0,0.36110550740339475,0.3593776814734561,0.36283333333333334
2025-09-19 12:00:00,12,262,49.21518423892398,27.9,TRACKING_PM,25.4,27.1,,87.10000000000001,78.86666666666666,28.35,29.450000000000003,25.3,24.7,17.299999999999997,15.4,1.8999999999999968,499.0,580.5,0.7262731130371975,0.8747128927410618,0.5778333333333332
2025-09-19 18:00:00,18,262,0.40013209392023114,-0.03522,HORIZONTAL,23.3,24.0,,4.098333333333334,2.6333333333333333,26.75,27.15,28.35,25.3,17.5,15.2,2.3000000000000007,-0.01395,-0.00132,0.1326804983748646,0.05036099674972915,0.21500000000000002
2025-09-20 00:00:00,0,263,0.0,-0.11159999999999999,HORIZONTAL,21.6,22.4,,-0.8103333333333333,-1.216,25.2,25.4,26.75,28.35,17.4,15.05,2.349999999999998,0.9910000000000001,0.567,0.08959299999999999,0.0,0.17918599999999998
2025-09-20 06:00:00,6,263,0.13339178104133212,-27.6,TRACKING_AM,24.9,26.6,,25.764666666666667,24.2,25.95,26.35,25.2,26.75,17.45,15.05,2.3999999999999986,1024.5,824.5,0.3429458634886241,0.3058917269772482,0.38
2025-09-20 12:00:00,12,263,48.811748007070854,27.8,TRACKING_PM,26.4,27.4,,82.3,74.46666666666667,28.9,29.950000000000003,25.95,25.2,17.7,15.25,2.4499999999999993,489.0,556.0,0.6858238533766703,0.812481040086674,0.5591666666666667
2025-09-20 18:00:00,18,263,0.13339178104133212,-0.035199999999999995,HORIZONTAL,23.2,22.9,,6.386333333333333,4.182333333333333,27.1,27.65,28.9,25.95,17.55,15.1,2.450000000000001,-0.010596999999999999,-0.010785,0.14987309136872515,0.07691284940411701,0.2228333333333333
2025-09-21 00:00:00,0,264,0.0,-0.1041,HORIZONTAL,21.6,22.2,,-0.7200000000000001,-1.151,25.1,25.25,27.1,28.9,17.35,14.85,2.5000000000000018,0.3345,0.4,0.08653908333333338,0.0,0.17307816666666676
2025-09-21 06:00:00,6,264,0.0,-27.5,TRACKING_AM,24.9,25.7,,16.55666666666667,15.49,25.45,25.65,25.1,27.1,17.35,14.85,2.5000000000000018,423.5,343.0,0.300341975442398,0.16485061755146266,0.4358333333333333
2025-09-21 12:00:00,12,264,48.40825199292916,21.36,TRACKING_PM,22.1,23.0,3.81,21.3,17.78,25.65,25.65,25.45,25.1,28.25,22.0,6.25,226.0,191.0,0.3887356446370531,0.21547128927410622,0.562
2025-09-21 18:00:00,18,264,0.0,-0.02848,HORIZONTAL,18.4,19.5,5.92,-0.26933333333333337,-1.1233333333333333,22.75,22.6,25.65,25.45,30.95,25.9,5.050000000000001,-0.0019084999999999998,-0.01185,0.22574999999999998,0.0,0.45149999999999996
2025-09-22 00:00:00,0,265,0.0,-0.08646000000000001,HORIZONTAL,16.0,17.1,7.36,0.11933333333333333,-0.49066666666666664,21.55,21.5,22.75,25.65,28.65,23.8,4.849999999999998,1.225,1.1749999999999998,0.18531666666666669,0.0,0.37063333333333337
2025-09-22 06:00:00,6,265,0.0,-27.4,TRACKING_AM,17.5,19.4,9.98,19.38,21.016666666666666,20.6,20.9,21.55,22.75,27.049999999999997,22.5,4.549999999999997,1064.5,863.0,0.44313327916215245,0.4130998916576382,0.4731666666666667
2025-09-22 12:00:00,12,265,48.004815761076024,27.52,TRACKING_PM,22.4,22.9,7.41,76.46666666666665,68.39999999999999,23.15,23.95,20.6,21.55,24.4,21.15,3.25,481.0,569.5,0.7862543336944745,0.9040086673889491,0.6685
2025-09-22 18:00:00,18,265,0.0,-0.03184,HORIZONTAL,16.0,16.1,0.613,6.901466666666667,4.917000000000001,21.549999999999997,21.799999999999997,23.15,20.6,23.35,20.6,2.75,-0.010875,-0.008005,0.17246124593716144,0.08542249187432287,0.2595
2025-09-23 00:00:00,0,266,0.0,-0.07954,HORIZONTAL,13.7,14.9,8.89,0.22313333333333332,-0.063,19.200000000000003,19.4,21.549999999999997,23.15,22.75,20.3,2.4499999999999993,0.8345,0.7915,0.100271,0.0,0.200542
2025-09-23 06:00:00,6,266,0.0,-27.3,TRACKING_AM,15.6,17.2,9.14,22.930333333333333,23.03407,18.6,19.05,19.200000000000003,21.549999999999997,24.700000000000003,21.6,3.1000000000000014,595.0,513.5,0.5055245214879018,0.4077157096424702,0.6033333333333334
2025-09-23 12:00:00,12,266,47.60155885837381,27.4,TRACKING_PM,21.0,21.9,10.9,86.46666666666665,74.3,22.6,23.15,18.6,19.200000000000003,25.05,21.950000000000003,3.099999999999998,341.0,428.5,0.7367038642109065,0.8927410617551462,0.5806666666666667
2025-09-23 18:00:00,18,266,0.0,-0.02848,HORIZONTAL,16.1,17.1,7.5,7.575666666666667,4.839,20.6,20.4,22.6,18.6,27.65,24.85,2.799999999999997,-0.0058985,-0.010195000000000001,0.2170538244853738,0.08410764897074757,0.35000000000000003
2025-09-24 00:00:00,0,267,0.0,-0.06562,HORIZONTAL,13.0,14.2,8.13,0.4993633333333334,-0.7953333333333333,18.700000000000003,18.2,20.6,22.6,28.75,28.4,0.3500000000000014,0.8305,0.634,0.18574408333333337,0.0,0.37148816666666673
2025-09-24 06:00:00,6,267,0.0,-27.139999999999997,TRACKING_AM,15.7,17.9,10.4,24.47,21.458,18.2,18.45,18.700000000000003,20.6,31.15,27.3,3.849999999999998,1031.5,839.5,0.48056181654026725,0.3989569664138678,0.5621666666666667
2025-09-24 12:00:00,12,267,47.19860077854583,27.3,TRACKING_PM,20.5,21.1,8.4,80.96666666666665,69.39999999999999,21.25,21.9,18.2,18.700000000000003,27.75,23.6,4.149999999999999,423.0,542.0,0.775666395810762,0.8734994582881906,0.6778333333333334
2025-09-24 18:00:00,18,267,0.0,-0.02848,HORIZONTAL,14.6,14.6,1.04,6.6113333333333335,4.931,19.6,19.799999999999997,21.25,18.2,26.25,22.6,3.6499999999999986,-0.013155,-0.01167,0.18286523654749007,0.0803971397616468,0.2853333333333333
2025-09-25 00:00:00,0,268,0.0,-0.06022000000000001,HORIZONTAL,13.5,14.5,6.22,0.3782666666666667,0.031666666666666655,17.9,17.95,19.6,21.25,25.5,22.05,3.4499999999999993,0.209,0.08585,0.11704914166666666,0.0,0.23409828333333332
2025-09-25 06:00:00,6,268,0.0,-27.0,TRACKING_AM,17.4,19.1,9.18,24.060133333333336,22.44666666666667,18.6,18.9,17.9,19.6,24.75,21.55,3.1999999999999993,981.0,797.5,0.40838150595882994,0.3772630119176598,0.4395
2025-09-25 12:00:00,12,268,46.79606092676765,27.2,TRACKING_PM,20.9,21.9,7.87,85.39999999999999,74.76666666666667,21.9,22.5,18.6,17.9,24.0,20.75,3.25,455.5,521.0,0.7321190863127482,0.85807150595883,0.6061666666666666
2025-09-25 18:00:00,18,268,0.0,-0.02848,HORIZONTAL,17.6,18.5,7.17,5.719333333333334,4.491666666666667,20.5,20.6,21.9,18.6,24.0,20.4,3.6000000000000014,-0.00882,-0.009805000000000001,0.1587482773564464,0.07449655471289277,0.24300000000000002
2025-09-26 00:00:00,0,269,0.0,-0.05442,HORIZONTAL,14.2,15.1,4.45,-0.12266666666666666,-0.38133333333333336,18.5,18.6,20.5,21.9,23.799999999999997,20.25,3.549999999999997,1.91,2.06,0.09982833333333334,0.0,0.19965666666666668
2025-09-26 06:00:00,6,269,0.0,-26.9,TRACKING_AM,18.9,20.3,7.09,22.572666666666667,22.426666666666666,19.2,19.65,18.5,20.5,27.3,22.45,4.850000000000001,722.0,601.0,0.44979196460816184,0.24875059588299028,0.6508333333333334
2025-09-26 12:00:00,12,269,46.394058584284885,27.0,TRACKING_PM,22.4,23.6,8.53,90.33333333333333,75.56666666666668,22.35,22.85,19.2,18.5,26.9,22.299999999999997,4.600000000000001,450.5,538.0,0.7448171722643553,0.8121343445287107,0.6775
2025-09-26 18:00:00,18,269,0.0,-0.035199999999999995,HORIZONTAL,17.8,18.4,6.67,7.297999999999999,4.058333333333334,20.8,20.9,22.35,19.2,25.85,21.65,4.200000000000003,-0.008855,-0.00617,0.18428874684001445,0.07824416034669555,0.29033333333333333
2025-09-27 00:00:00,0,270,0.0,-0.054459999999999995,HORIZONTAL,15.4,16.4,5.31,-0.33066666666666666,-0.7733333333333334,19.1,19.2,20.8,22.35,25.35,21.25,4.100000000000001,0.772,0.3725,0.12235741666666669,0.0,0.24471483333333338
2025-09-27 06:00:00,6,270,0.0,-26.8,TRACKING_AM,19.2,20.9,8.94,26.393666666666665,25.608999999999998,19.6,19.95,19.1,20.8,24.799999999999997,20.9,3.8999999999999986,730.0,596.5,0.4294219140483929,0.2561771614301192,0.6026666666666666
2025-09-27 12:00:00,12,270,45.99271287306749,26.9,TRACKING_PM,22.8,24.0,7.43,88.46666666666665,75.2,23.25,23.7,19.6,19.1,24.3,20.45,3.8500000000000014,469.0,531.5,0.7109059227157819,0.7821451787648971,0.6396666666666667
2025-09-27 18:00:00,18,270,0.0,-0.03186,HORIZONTAL,20.2,20.4,0.782,3.625,1.9533333333333334,22.049999999999997,22.2,23.25,19.6,23.95,20.25,3.6999999999999993,0.0007549999999999999,-0.0014800000000000002,0.1610149115204045,0.05019648970747563,0.27183333333333337
2025-09-28 00:00:00,0,271,0.0,-0.04578,HORIZONTAL,18.3,19.1,3.58,-0.353,-0.9843333333333333,20.65,20.8,22.049999999999997,23.25,23.799999999999997,20.15,3.6499999999999986,0.008320000000000001,-0.00301,0.12025088499999999,0.0,0.24050176999999998
2025-09-28 06:00:00,6,271,0.0,-26.7,TRACKING_AM,20.0,21.7,10.4,11.068666666666667,11.276666666666666,20.95,21.0,20.65,22.049999999999997,23.75,20.1,3.6499999999999986,372.5,307.5,0.26945636330805345,0.06807939328277357,0.4708333333333333
2025-09-28 12:00:00,12,271,45.59214272051148,26.8,TRACKING_PM,21.1,22.9,13.4,46.43333333333334,42.166666666666664,22.65,22.7,20.95,20.65,23.45,19.75,3.6999999999999993,377.0,346.5,0.42937450343084144,0.34808234019501627,0.5106666666666666
2025-09-28 18:00:00,18,271,0.0,-0.02848,HORIZONTAL,19.8,21.0,10.6,0.29000000000000004,0.046666666666666634,21.55,21.5,22.65,20.95,23.15,19.5,3.6499999999999986,-0.0056672499999999995,-0.008005,0.12474996388587936,0.010333261105092095,0.23916666666666664
2025-09-29 00:00:00,0,272,0.0,-0.03806,HORIZONTAL,16.5,17.5,7.2,-0.6953333333333335,-0.864,20.25,20.2,21.55,22.65,22.95,19.35,3.599999999999998,0.20800000000000002,0.527,0.10437249999999999,0.0,0.20874499999999999
2025-09-29 06:00:00,6,272,0.0,-26.6,TRACKING_AM,19.7,21.5,11.8,28.856099999999998,29.602666666666668,20.3,20.4,20.25,21.55,25.95,21.5,4.449999999999999,689.0,611.5,0.4311916756951969,0.216216684723727,0.6461666666666668
2025-09-29 12:00:00,12,272,45.19246682419814,26.7,TRACKING_PM,21.4,23.0,10.8,64.16666666666667,59.23333333333333,22.65,22.55,20.3,20.25,25.9,21.5,4.399999999999999,358.5,376.0,0.5377644456482484,0.5066955579631636,0.5688333333333334
2025-09-29 18:00:00,18,272,0.0,-0.02848,HORIZONTAL,19.2,19.8,2.27,0.35400000000000004,-0.06999999999999999,21.4,21.25,22.65,20.3,25.1,20.9,4.200000000000003,-0.006144999999999999,-0.014249999999999999,0.14394188876850847,0.00805044420368364,0.2798333333333333
2025-09-30 00:00:00,0,273,0.0,-0.035960000000000006,HORIZONTAL,17.1,18.2,6.61,-0.7799999999999999,-1.08,20.25,20.2,21.4,22.65,24.65,20.700000000000003,3.9499999999999957,0.09855,0.0451,0.12460727500000003,0.0,0.24921455000000006
2025-09-30 06:00:00,6,273,0.0,-26.46,TRACKING_AM,21.0,22.2,7.59,25.15233333333333,24.533,20.9,21.05,20.25,21.4,24.35,20.5,3.8500000000000014,883.0,710.5,0.41639474900686174,0.30645616468039005,0.5263333333333334
2025-09-30 12:00:00,12,273,44.79380361672117,26.580000000000002,TRACKING_PM,23.3,24.0,7.21,89.16666666666667,77.63333333333333,23.85,24.2,20.9,20.25,23.8,20.049999999999997,3.7500000000000036,424.0,414.0,0.6893897616468039,0.7942795232936078,0.5844999999999999
2025-09-30 18:00:00,18,273,0.0,-0.035199999999999995,HORIZONTAL,18.6,18.5,-0.0481,3.6626666666666665,2.795666666666667,21.85,21.9,23.85,20.9,23.450000000000003,19.75,3.700000000000003,-0.00817,-0.00739,0.1478608992416035,0.04222179848320693,0.25350000000000006
2025-10-01 00:00:00,0,274,0.0,-0.039400000000000004,HORIZONTAL,16.2,16.7,2.0,0.4323333333333333,0.23266666666666666,19.9,20.0,21.85,23.85,23.25,19.65,3.6000000000000014,0.344,0.196,0.10558999999999999,0.0,0.21117999999999998
2025-10-01 06:00:00,6,274,0.0,-26.3,TRACKING_AM,20.4,22.0,8.57,26.209933333333336,25.43153666666667,20.8,21.0,19.9,21.85,27.35,22.049999999999997,5.300000000000004,931.0,750.5,0.43184611556518593,0.30752556446370527,0.5561666666666666
2025-10-01 12:00:00,12,274,44.39627123059284,26.4,TRACKING_PM,23.9,24.1,4.97,92.73333333333333,80.43333333333334,23.9,24.200000000000003,20.8,19.9,28.35,22.65,5.700000000000003,431.0,492.0,0.7642141567352836,0.8197616468039004,0.7086666666666667
2025-10-01 18:00:00,18,274,0.0,-0.035199999999999995,HORIZONTAL,20.2,19.5,-0.0657,3.411666666666667,3.2305,22.7,22.799999999999997,23.9,20.8,26.85,21.85,5.0,-0.004449,-0.00758,0.19582027446731676,0.047307215601300114,0.3443333333333334
2025-10-02 12:00:00,12,275,43.999987463238554,26.3,TRACKING_PM,20.9,21.7,5.81,26.9,24.5,21.700000000000003,21.85,,,27.4,22.45,4.949999999999999,274.5,286.5,0.4439083604189238,0.36065005417118096,0.5271666666666666
2025-10-02 18:00:00,18,275,0.0,-0.03184,HORIZONTAL,19.6,19.9,0.178,-0.10000000000000002,-0.27333333333333326,20.95,21.1,21.700000000000003,,26.3,21.85,4.449999999999999,-0.005513499999999999,-0.0174,0.15788817984832074,0.013276359696641388,0.3025000000000001
2025-10-03 00:00:00,0,276,0.0,-0.03184,HORIZONTAL,16.5,17.3,1.98,0.21523000000000003,-0.1159,19.7,19.85,20.95,21.700000000000003,25.8,21.55,4.25,-0.0043100000000000005,-0.014450000000000001,0.13341666666666668,0.0,0.26683333333333337
2025-10-03 06:00:00,6,276,0.0,-26.1,TRACKING_AM,21.3,22.7,5.59,14.018666666666666,14.086666666666666,20.799999999999997,20.95,19.7,20.95,28.65,23.3,5.349999999999998,641.5,523.0,0.4389108053448899,0.1394882773564464,0.7383333333333334
2025-10-03 12:00:00,12,276,43.60506974209118,26.2,TRACKING_PM,23.4,24.3,5.35,43.333333333333336,40.166666666666664,23.15,23.5,20.799999999999997,19.7,27.799999999999997,22.950000000000003,4.849999999999994,343.5,361.0,0.59831744312026,0.5786348862405201,0.6180000000000001
2025-10-03 18:00:00,18,276,0.0,-0.03184,HORIZONTAL,20.2,20.5,-0.0668,0.4816666666666667,-0.026666666666666616,21.9,22.15,23.15,20.799999999999997,26.55,22.200000000000003,4.349999999999998,-0.005275,-0.018,0.17199400866738893,0.013488017334777898,0.33049999999999996
2025-10-04 00:00:00,0,277,0.0,-0.03184,HORIZONTAL,17.5,18.2,2.93,-0.10756666666666669,-0.463,20.45,20.65,21.9,23.15,25.950000000000003,21.8,4.150000000000002,0.009103,0.04655,0.1438426088333333,0.0,0.2876852176666666
2025-10-04 06:00:00,6,277,0.0,-26.0,TRACKING_AM,21.1,22.1,6.44,16.843666666666667,17.462666666666667,20.85,21.0,20.45,21.9,25.65,21.55,4.099999999999998,647.0,560.5,0.4295774358974359,0.17382153846153847,0.6853333333333333
2025-10-04 12:00:00,12,277,43.21163508979446,26.1,TRACKING_PM,23.7,25.1,10.8,55.46666666666667,49.20000000000001,23.5,23.7,20.85,20.45,25.200000000000003,21.15,4.050000000000004,347.5,405.5,0.6813992416034671,0.781798483206934,0.5810000000000001
2025-10-04 18:00:00,18,277,0.0,-0.035199999999999995,HORIZONTAL,21.1,21.2,1.44,2.142,1.0093333333333334,22.200000000000003,22.45,23.5,20.85,24.7,20.799999999999997,3.900000000000002,0.159465,-0.003705,0.16886368119898887,0.04450877573131095,0.2932185866666668
2025-10-05 00:00:00,0,278,0.0,-0.035199999999999995,HORIZONTAL,19.3,20.5,9.34,-0.922,-1.0393333333333334,21.05,21.2,22.200000000000003,23.5,24.5,20.65,3.8500000000000014,-0.010575000000000001,-0.0149,0.13224999999999998,0.0,0.26449999999999996
